EmployeeID,Name,Gender,Department,JobRole,HireDate,Salary,PerformanceRating,Attrition,LastPromotionDate,Age
1,Employee_1,Female,Sales,Executive,2012-07-01,48289,1,Yes,2013-08-21,59
2,Employee_2,Male,HR,Executive,2019-06-19,60495,5,Yes,2020-08-22,57
3,Employee_3,Female,Sales,Analyst,2014-06-17,107236,3,Yes,2019-02-06,32
4,Employee_4,Female,Sales,Executive,2019-06-25,74118,1,Yes,2022-05-21,46
5,Employee_5,Female,Marketing,Engineer,2012-03-03,35695,4,Yes,2015-03-08,46
6,Employee_6,Female,Marketing,Engineer,2011-10-08,105674,2,Yes,2015-11-11,24
7,Employee_7,Male,Sales,Manager,2015-02-10,79823,3,No,2017-09-24,45
8,Employee_8,Female,Sales,Engineer,2013-08-25,119593,1,Yes,2016-09-21,56
9,Employee_9,Female,Finance,Engineer,2015-06-29,113886,5,Yes,2017-05-28,42
10,Employee_10,Male,Engineering,Analyst,2011-04-04,65093,1,Yes,2013-07-16,58
11,Employee_11,Female,Finance,Analyst,2017-01-21,48726,3,Yes,2019-04-01,37
12,Employee_12,Female,Marketing,Analyst,2022-08-04,106484,4,No,2022-08-04,36
13,Employee_13,Female,HR,Manager,2013-02-07,44371,2,Yes,2016-12-16,49
14,Employee_14,Female,Marketing,Analyst,2011-06-05,99352,3,Yes,2014-08-01,29
15,Employee_15,Female,HR,Engineer,2022-01-16,86985,2,No,2024-07-15,22
16,Employee_16,Male,Marketing,Manager,2015-11-28,111959,3,Yes,2019-09-18,31
17,Employee_17,Male,Marketing,Engineer,2018-05-22,94042,1,Yes,2020-04-16,45
18,Employee_18,Male,Sales,Specialist,2016-11-24,40322,1,No,2019-03-29,26
19,Employee_19,Male,Finance,Specialist,2021-12-12,51643,3,No,2023-08-26,35
20,Employee_20,Male,Engineering,Analyst,2022-02-04,118039,3,No,2022-02-04,55
21,Employee_21,Male,Sales,Manager,2020-02-16,74313,1,Yes,2021-10-20,59
22,Employee_22,Male,HR,Executive,2014-12-10,38834,1,No,2015-12-24,26
23,Employee_23,Female,Finance,Executive,2021-07-13,100678,2,No,2023-11-12,37
24,Employee_24,Male,HR,Manager,2020-08-10,116374,4,No,2023-11-21,49
25,Employee_25,Male,HR,Manager,2019-03-22,82772,3,Yes,2022-11-02,37
26,Employee_26,Female,Sales,Analyst,2014-04-19,54050,3,No,2016-05-12,37
27,Employee_27,Male,HR,Specialist,2011-09-10,31934,1,Yes,2015-03-05,32
28,Employee_28,Female,Sales,Analyst,2019-02-12,37685,2,No,2022-11-02,22
29,Employee_29,Female,Engineering,Analyst,2018-10-04,102845,4,Yes,2021-03-30,34
30,Employee_30,Male,Marketing,Specialist,2016-08-27,37989,3,Yes,2018-11-15,25
31,Employee_31,Male,HR,Specialist,2020-09-10,40500,2,Yes,2024-07-05,60
32,Employee_32,Male,Finance,Manager,2011-07-11,104668,2,Yes,2016-04-22,27
33,Employee_33,Female,Engineering,Executive,2019-05-28,117782,3,Yes,2024-02-02,38
34,Employee_34,Female,Finance,Engineer,2018-11-17,39508,1,No,2020-08-11,58
35,Employee_35,Male,Marketing,Engineer,2012-03-30,47361,3,Yes,2013-08-27,37
36,Employee_36,Male,Finance,Specialist,2018-04-16,69651,5,Yes,2020-11-19,57
37,Employee_37,Male,Sales,Engineer,2016-09-18,45129,1,Yes,2021-06-07,39
38,Employee_38,Male,Engineering,Executive,2016-04-27,113130,3,No,2020-09-16,38
39,Employee_39,Female,Engineering,Manager,2011-02-21,30464,3,Yes,2012-08-28,38
40,Employee_40,Female,Marketing,Manager,2013-08-16,44663,1,Yes,2017-02-05,56
41,Employee_41,Male,Finance,Executive,2010-10-23,35482,3,No,2013-11-17,24
42,Employee_42,Male,HR,Engineer,2018-01-10,103385,4,Yes,2020-03-15,37
43,Employee_43,Female,HR,Executive,2013-08-24,73540,4,Yes,2015-08-21,39
44,Employee_44,Male,Finance,Manager,2013-07-28,91694,2,Yes,2018-07-03,51
45,Employee_45,Male,Sales,Manager,2017-11-04,116511,2,No,2020-07-21,43
46,Employee_46,Female,Engineering,Specialist,2016-04-01,82386,5,No,2017-08-21,23
47,Employee_47,Male,Marketing,Engineer,2012-08-02,35014,1,No,2015-01-18,44
48,Employee_48,Male,Finance,Specialist,2017-01-13,54914,3,Yes,2020-06-24,49
49,Employee_49,Male,Engineering,Analyst,2010-01-14,39171,3,No,2013-12-13,29
50,Employee_50,Female,Finance,Engineer,2016-09-26,82743,3,Yes,2020-07-30,34
51,Employee_51,Female,Sales,Specialist,2019-06-07,104593,3,No,2024-02-27,57
52,Employee_52,Female,Sales,Analyst,2010-01-04,106019,5,No,2012-09-17,51
53,Employee_53,Male,Marketing,Analyst,2019-11-29,52241,1,No,2023-05-22,54
54,Employee_54,Male,Engineering,Executive,2017-07-08,56100,2,Yes,2019-01-15,24
55,Employee_55,Male,Finance,Analyst,2015-06-29,112544,5,Yes,2019-02-26,46
56,Employee_56,Male,Sales,Manager,2021-02-01,43970,4,Yes,2024-04-29,33
57,Employee_57,Male,Marketing,Executive,2021-08-14,45906,4,Yes,2025-03-22,51
58,Employee_58,Female,Finance,Specialist,2021-11-30,96162,4,No,2021-11-30,32
59,Employee_59,Female,Sales,Engineer,2020-08-24,98327,4,Yes,2024-03-02,39
60,Employee_60,Female,Sales,Engineer,2019-11-13,74020,3,Yes,2021-04-19,30
61,Employee_61,Female,Sales,Executive,2013-05-20,38418,4,No,2015-09-05,43
62,Employee_62,Female,HR,Executive,2022-03-04,85069,4,Yes,2022-03-04,58
63,Employee_63,Male,Engineering,Engineer,2018-07-14,81116,4,Yes,2022-03-16,53
64,Employee_64,Female,Finance,Manager,2014-12-03,80968,3,No,2017-06-13,32
65,Employee_65,Male,Finance,Specialist,2020-06-25,103975,1,Yes,2022-03-13,49
66,Employee_66,Male,HR,Engineer,2013-01-16,79689,3,Yes,2016-08-18,51
67,Employee_67,Female,Engineering,Analyst,2017-05-01,63065,1,No,2020-03-22,23
68,Employee_68,Female,Sales,Manager,2022-02-05,115426,1,Yes,2023-05-22,37
69,Employee_69,Male,Sales,Executive,2014-06-22,92070,1,Yes,2015-08-02,51
70,Employee_70,Male,Marketing,Specialist,2015-10-01,45012,2,No,2018-10-25,28
71,Employee_71,Female,Marketing,Analyst,2022-12-24,81990,2,Yes,2024-02-14,59
72,Employee_72,Female,Marketing,Manager,2015-06-13,104177,1,No,2017-01-06,56
73,Employee_73,Female,HR,Specialist,2019-08-11,114874,3,Yes,2024-04-25,48
74,Employee_74,Female,Engineering,Analyst,2020-12-29,50052,4,Yes,2022-08-02,55
75,Employee_75,Female,Finance,Analyst,2016-01-22,107656,3,No,2020-07-05,37
76,Employee_76,Female,Sales,Analyst,2011-12-11,104691,5,No,2014-07-04,43
77,Employee_77,Female,Sales,Analyst,2010-08-24,57802,3,No,2014-06-01,43
78,Employee_78,Female,Marketing,Manager,2016-04-09,97715,2,Yes,2020-08-11,37
79,Employee_79,Male,Finance,Analyst,2019-02-12,88743,1,Yes,2022-11-08,40
80,Employee_80,Male,Engineering,Specialist,2014-12-21,78368,4,No,2018-03-28,49
81,Employee_81,Female,Finance,Engineer,2022-05-06,70189,3,Yes,2025-03-13,29
82,Employee_82,Male,Marketing,Executive,2014-04-27,55105,2,No,2017-02-01,39
83,Employee_83,Female,HR,Executive,2021-10-07,68829,2,No,2021-10-07,33
84,Employee_84,Male,Engineering,Manager,2016-10-12,37146,5,No,2017-11-09,30
85,Employee_85,Male,Marketing,Engineer,2021-01-04,91524,4,No,2022-08-02,43
86,Employee_86,Female,Finance,Manager,2014-02-19,38564,4,No,2015-06-04,26
87,Employee_87,Male,Sales,Executive,2022-12-10,103772,3,Yes,2022-12-10,37
88,Employee_88,Female,Marketing,Specialist,2012-08-28,111057,2,No,2016-10-13,50
89,Employee_89,Female,Engineering,Specialist,2019-12-06,111399,1,Yes,2022-08-05,35
90,Employee_90,Male,Sales,Executive,2014-09-25,52782,5,Yes,2017-03-19,32
91,Employee_91,Female,Marketing,Analyst,2010-01-22,68175,1,Yes,2013-05-07,40
92,Employee_92,Female,HR,Executive,2016-05-05,64675,5,Yes,2021-04-13,49
93,Employee_93,Male,Sales,Engineer,2012-07-29,48643,1,Yes,2016-08-17,32
94,Employee_94,Female,Finance,Manager,2016-11-24,91433,3,No,2021-03-26,39
95,Employee_95,Female,Finance,Manager,2021-03-23,108385,1,No,2025-04-01,42
96,Employee_96,Male,Sales,Specialist,2015-08-14,106955,1,No,2016-10-04,58
97,Employee_97,Female,Marketing,Analyst,2010-11-26,66458,2,No,2012-11-18,53
98,Employee_98,Female,Finance,Engineer,2012-01-18,72081,1,Yes,2015-09-06,43
99,Employee_99,Female,Engineering,Analyst,2019-03-27,102102,1,No,2024-02-14,27
100,Employee_100,Female,HR,Analyst,2017-01-20,97449,1,No,2019-06-20,48
101,Employee_101,Female,Marketing,Analyst,2011-03-21,111973,4,Yes,2013-04-08,35
102,Employee_102,Male,Engineering,Analyst,2015-12-28,93532,1,Yes,2020-01-25,60
103,Employee_103,Male,Engineering,Specialist,2015-05-15,31792,5,No,2020-05-06,27
104,Employee_104,Female,HR,Executive,2015-01-15,95323,3,No,2016-09-03,48
105,Employee_105,Male,Finance,Specialist,2020-10-27,48958,4,Yes,2024-06-20,60
106,Employee_106,Male,Engineering,Analyst,2021-05-26,74548,5,No,2023-03-01,22
107,Employee_107,Female,Sales,Analyst,2016-05-06,100592,4,No,2019-01-07,43
108,Employee_108,Female,Finance,Engineer,2022-05-19,54727,2,No,2022-05-19,36
109,Employee_109,Female,Finance,Analyst,2019-03-20,80604,2,No,2020-06-16,24
110,Employee_110,Female,HR,Analyst,2012-10-31,43069,5,No,2016-08-24,22
111,Employee_111,Male,HR,Analyst,2013-03-26,64737,3,No,2016-07-12,27
112,Employee_112,Female,Engineering,Analyst,2017-05-15,100912,1,Yes,2022-02-24,37
113,Employee_113,Male,Finance,Manager,2016-06-12,113066,1,No,2018-09-20,32
114,Employee_114,Male,Engineering,Manager,2016-09-19,68452,3,No,2017-11-17,49
115,Employee_115,Female,Marketing,Executive,2013-04-07,52280,2,Yes,2015-08-20,46
116,Employee_116,Male,Sales,Analyst,2015-05-27,113611,3,No,2019-03-11,38
117,Employee_117,Female,Marketing,Executive,2010-03-18,39681,4,No,2013-10-25,59
118,Employee_118,Female,Engineering,Analyst,2016-09-16,69599,2,No,2021-04-16,52
119,Employee_119,Female,Marketing,Engineer,2012-05-23,105341,3,No,2014-09-20,23
120,Employee_120,Male,Marketing,Manager,2018-11-17,109482,4,No,2021-06-01,36
121,Employee_121,Male,Marketing,Engineer,2017-11-26,118835,2,Yes,2020-02-17,24
122,Employee_122,Male,Marketing,Engineer,2016-12-05,47224,1,No,2020-05-25,42
123,Employee_123,Male,Sales,Specialist,2019-04-27,77953,5,No,2021-04-20,32
124,Employee_124,Female,Engineering,Manager,2015-10-07,91385,1,Yes,2019-06-19,36
125,Employee_125,Female,HR,Analyst,2018-11-30,31824,3,Yes,2023-01-14,51
126,Employee_126,Female,Marketing,Analyst,2018-04-08,113695,3,Yes,2023-01-14,36
127,Employee_127,Female,Marketing,Executive,2020-07-29,114889,1,No,2021-09-18,41
128,Employee_128,Male,HR,Manager,2019-02-27,69893,4,Yes,2020-10-22,28
129,Employee_129,Male,Finance,Analyst,2015-04-08,78629,5,No,2019-04-12,59
130,Employee_130,Male,Finance,Specialist,2013-06-19,83492,3,Yes,2016-10-15,45
131,Employee_131,Female,Sales,Engineer,2014-11-15,43022,3,No,2018-05-11,25
132,Employee_132,Male,HR,Analyst,2018-12-06,42015,2,Yes,2021-06-23,25
133,Employee_133,Male,Marketing,Executive,2017-06-25,38992,5,Yes,2019-11-05,59
134,Employee_134,Female,Sales,Specialist,2014-11-05,30371,3,Yes,2017-02-24,30
135,Employee_135,Male,HR,Manager,2022-02-12,47275,1,No,2024-07-09,37
136,Employee_136,Male,Engineering,Manager,2017-04-06,46614,4,Yes,2018-05-08,26
137,Employee_137,Female,Marketing,Specialist,2020-09-06,44293,4,Yes,2024-03-12,24
138,Employee_138,Female,HR,Manager,2021-09-11,92781,4,No,2024-05-20,28
139,Employee_139,Female,HR,Manager,2020-12-30,72219,5,Yes,2020-12-30,26
140,Employee_140,Female,Finance,Specialist,2012-10-30,99541,3,No,2015-05-16,54
141,Employee_141,Male,Marketing,Executive,2019-08-26,86370,4,Yes,2021-03-16,48
142,Employee_142,Female,Finance,Manager,2017-08-08,70966,4,No,2021-02-21,38
143,Employee_143,Female,HR,Manager,2018-05-25,41188,1,No,2020-04-01,28
144,Employee_144,Male,Marketing,Specialist,2018-05-11,103620,3,Yes,2020-02-01,48
145,Employee_145,Female,HR,Engineer,2017-12-06,108696,3,No,2022-08-29,28
146,Employee_146,Male,Sales,Analyst,2022-12-18,59392,1,No,2022-12-18,57
147,Employee_147,Female,Marketing,Executive,2018-03-31,86244,5,Yes,2019-11-21,60
148,Employee_148,Male,Engineering,Engineer,2015-12-31,74541,3,Yes,2017-02-27,33
149,Employee_149,Female,HR,Executive,2013-03-19,112991,1,Yes,2017-05-21,55
150,Employee_150,Female,Finance,Engineer,2014-10-29,50631,3,No,2017-12-07,42
151,Employee_151,Male,HR,Executive,2022-09-24,50632,5,Yes,2022-09-24,27
152,Employee_152,Female,Finance,Specialist,2016-02-08,87939,4,No,2019-08-03,35
153,Employee_153,Female,Finance,Manager,2021-06-29,67125,5,No,2023-02-17,55
154,Employee_154,Male,Finance,Specialist,2016-12-01,37180,1,Yes,2018-03-04,41
155,Employee_155,Female,Engineering,Engineer,2014-09-27,45726,1,No,2016-07-04,49
156,Employee_156,Female,Marketing,Executive,2013-12-10,95570,5,No,2015-08-31,26
157,Employee_157,Female,HR,Analyst,2018-11-27,40205,3,No,2020-02-21,58
158,Employee_158,Female,Engineering,Manager,2019-01-27,83088,1,No,2024-01-19,32
159,Employee_159,Female,HR,Analyst,2020-04-27,43875,2,No,2025-03-09,59
160,Employee_160,Male,Finance,Engineer,2018-12-25,74500,2,No,2022-12-02,32
161,Employee_161,Male,Marketing,Specialist,2011-09-18,55415,3,No,2015-07-29,31
162,Employee_162,Male,Engineering,Executive,2015-04-20,52740,5,Yes,2016-11-15,26
163,Employee_163,Female,Finance,Specialist,2013-12-22,105952,4,No,2018-06-30,42
164,Employee_164,Male,Finance,Analyst,2013-05-21,112756,3,No,2016-11-06,59
165,Employee_165,Male,Engineering,Analyst,2011-04-06,89233,1,Yes,2014-03-26,45
166,Employee_166,Male,Marketing,Specialist,2016-06-09,96462,4,No,2017-11-13,59
167,Employee_167,Female,Marketing,Executive,2022-06-07,72143,5,No,2023-08-30,54
168,Employee_168,Female,HR,Engineer,2013-05-20,41053,5,Yes,2014-09-23,24
169,Employee_169,Female,Finance,Specialist,2015-07-23,98517,5,Yes,2020-07-10,45
170,Employee_170,Female,Finance,Engineer,2018-05-13,118984,5,Yes,2020-12-12,43
171,Employee_171,Male,Marketing,Analyst,2011-06-24,67243,3,Yes,2014-04-29,43
172,Employee_172,Male,Engineering,Engineer,2011-10-30,115990,4,Yes,2016-02-04,60
173,Employee_173,Female,Engineering,Executive,2011-11-26,117833,5,Yes,2014-08-21,49
174,Employee_174,Male,Engineering,Engineer,2021-05-28,53627,2,No,2024-06-07,53
175,Employee_175,Male,Sales,Manager,2014-04-22,68770,1,Yes,2016-07-28,43
176,Employee_176,Female,Sales,Executive,2012-12-09,53703,5,Yes,2017-04-15,50
177,Employee_177,Female,Sales,Analyst,2010-12-24,110031,3,No,2014-04-13,36
178,Employee_178,Female,Finance,Executive,2021-12-23,78213,5,No,2024-04-25,51
179,Employee_179,Female,Sales,Executive,2016-04-27,109254,2,No,2019-06-18,25
180,Employee_180,Male,Marketing,Manager,2020-10-11,67363,1,Yes,2023-11-10,39
181,Employee_181,Male,Finance,Manager,2020-01-29,59102,4,No,2023-12-15,23
182,Employee_182,Female,Marketing,Engineer,2019-04-22,60903,4,Yes,2020-08-08,45
183,Employee_183,Female,HR,Engineer,2015-01-14,49142,2,Yes,2016-03-11,40
184,Employee_184,Male,Finance,Analyst,2020-08-06,110654,1,Yes,2020-08-06,23
185,Employee_185,Male,Marketing,Specialist,2015-09-28,99176,4,Yes,2017-12-12,40
186,Employee_186,Male,HR,Executive,2015-05-01,85027,5,No,2018-01-06,26
187,Employee_187,Male,Marketing,Specialist,2012-06-27,61711,2,No,2016-04-15,49
188,Employee_188,Female,Sales,Specialist,2010-01-13,84600,2,Yes,2014-06-25,55
189,Employee_189,Male,Finance,Analyst,2018-02-02,35706,4,No,2019-06-20,38
190,Employee_190,Male,Engineering,Executive,2010-05-14,116127,1,No,2013-05-14,30
191,Employee_191,Female,Sales,Analyst,2010-12-30,92722,2,Yes,2013-12-20,26
192,Employee_192,Female,Sales,Manager,2020-04-07,56144,1,No,2021-06-21,41
193,Employee_193,Female,Engineering,Manager,2021-07-24,114790,2,No,2024-10-16,44
194,Employee_194,Female,Engineering,Manager,2011-01-27,78237,4,No,2015-09-30,50
195,Employee_195,Male,Finance,Analyst,2018-09-03,78148,5,No,2021-07-28,27
196,Employee_196,Female,Marketing,Executive,2019-07-10,101496,3,No,2020-12-17,28
197,Employee_197,Female,Engineering,Analyst,2011-10-18,108986,4,Yes,2014-08-19,50
198,Employee_198,Male,Engineering,Specialist,2017-11-19,87008,3,Yes,2021-05-22,26
199,Employee_199,Male,HR,Executive,2019-02-10,109635,4,Yes,2022-02-23,30
200,Employee_200,Female,Engineering,Analyst,2011-07-05,104349,1,Yes,2013-10-30,50
201,Employee_201,Female,HR,Specialist,2018-04-27,48047,5,No,2021-05-27,47
202,Employee_202,Female,Sales,Manager,2017-01-19,33396,2,No,2021-09-10,55
203,Employee_203,Male,Engineering,Engineer,2018-09-06,88493,2,No,2022-10-30,53
204,Employee_204,Male,HR,Analyst,2014-06-28,52630,4,Yes,2016-03-05,42
205,Employee_205,Male,Marketing,Specialist,2017-10-17,68058,3,Yes,2022-10-09,33
206,Employee_206,Male,HR,Executive,2018-02-09,48202,2,No,2021-12-16,23
207,Employee_207,Female,Finance,Specialist,2018-02-04,47009,5,Yes,2022-03-14,26
208,Employee_208,Female,Marketing,Analyst,2016-12-08,83665,5,Yes,2020-03-02,30
209,Employee_209,Male,Finance,Analyst,2017-02-10,119143,5,No,2021-09-17,30
210,Employee_210,Male,Sales,Analyst,2022-05-14,95911,1,Yes,2022-05-14,55
211,Employee_211,Male,Sales,Engineer,2013-06-07,59552,3,No,2016-02-19,27
212,Employee_212,Female,Sales,Engineer,2015-08-15,110534,5,Yes,2017-09-20,54
213,Employee_213,Male,Sales,Specialist,2013-10-13,109316,3,Yes,2018-02-06,23
214,Employee_214,Female,Sales,Specialist,2011-10-28,84602,5,Yes,2013-01-28,53
215,Employee_215,Female,Finance,Executive,2022-03-28,119783,4,No,2024-11-10,51
216,Employee_216,Male,Sales,Analyst,2011-08-21,84476,4,No,2016-06-30,35
217,Employee_217,Male,Engineering,Engineer,2017-08-18,75268,4,Yes,2022-01-11,45
218,Employee_218,Male,Engineering,Executive,2021-07-20,91141,1,No,2021-07-20,50
219,Employee_219,Male,HR,Engineer,2015-07-24,80351,5,No,2017-05-07,37
220,Employee_220,Female,Sales,Executive,2013-08-01,95308,5,No,2016-06-01,53
221,Employee_221,Male,HR,Analyst,2016-12-02,96249,4,Yes,2020-09-15,35
222,Employee_222,Male,Engineering,Analyst,2017-11-30,108317,4,No,2019-03-09,56
223,Employee_223,Female,Sales,Engineer,2010-03-08,77943,4,No,2011-10-14,24
224,Employee_224,Male,Engineering,Specialist,2018-12-26,67827,1,No,2020-04-08,54
225,Employee_225,Female,Marketing,Specialist,2020-02-07,45572,2,Yes,2024-03-08,47
226,Employee_226,Female,Sales,Executive,2018-05-16,108966,5,No,2021-04-09,54
227,Employee_227,Male,Sales,Engineer,2010-11-26,92094,5,No,2012-02-26,31
228,Employee_228,Female,Marketing,Engineer,2021-07-25,51299,4,No,2023-05-07,59
229,Employee_229,Female,Marketing,Engineer,2017-07-18,92245,1,No,2021-05-21,43
230,Employee_230,Female,HR,Specialist,2012-06-16,92205,3,Yes,2015-10-17,25
231,Employee_231,Female,Sales,Executive,2020-10-10,34138,5,Yes,2022-09-24,34
232,Employee_232,Female,Finance,Executive,2010-06-05,84127,2,No,2013-11-24,54
233,Employee_233,Male,Marketing,Executive,2020-07-30,103516,3,No,2021-12-04,55
234,Employee_234,Male,Finance,Specialist,2018-06-14,74869,5,No,2021-03-17,38
235,Employee_235,Male,Engineering,Specialist,2020-11-10,69124,2,No,2022-12-08,40
236,Employee_236,Female,Engineering,Analyst,2014-08-26,75718,5,No,2019-07-09,40
237,Employee_237,Female,Finance,Engineer,2012-09-25,49198,3,Yes,2016-12-12,40
238,Employee_238,Female,Engineering,Analyst,2011-10-10,58047,2,No,2014-09-18,57
239,Employee_239,Male,Marketing,Specialist,2016-02-04,61363,2,Yes,2017-11-11,55
240,Employee_240,Male,HR,Manager,2015-01-23,84172,3,No,2019-08-21,28
241,Employee_241,Male,Finance,Analyst,2013-01-31,92580,2,No,2014-02-10,42
242,Employee_242,Male,HR,Specialist,2016-05-27,60437,5,Yes,2021-01-08,33
243,Employee_243,Male,Finance,Analyst,2019-05-17,54420,3,Yes,2021-05-11,22
244,Employee_244,Male,Engineering,Engineer,2016-09-10,89552,5,No,2020-11-16,30
245,Employee_245,Female,Sales,Manager,2021-04-23,73343,2,No,2024-12-06,38
246,Employee_246,Female,Engineering,Specialist,2014-03-06,118395,2,Yes,2015-04-03,47
247,Employee_247,Female,HR,Analyst,2019-08-05,117720,1,Yes,2023-06-25,30
248,Employee_248,Male,HR,Engineer,2020-09-16,80275,2,No,2023-07-10,39
249,Employee_249,Male,Engineering,Engineer,2017-05-24,60972,1,Yes,2020-02-01,51
250,Employee_250,Female,Marketing,Engineer,2016-11-18,45389,3,No,2018-10-11,36
251,Employee_251,Female,Sales,Analyst,2014-12-01,109395,3,No,2016-08-30,57
252,Employee_252,Male,Sales,Specialist,2020-07-24,40730,5,No,2024-07-28,55
253,Employee_253,Male,HR,Specialist,2018-02-11,96255,2,Yes,2019-07-20,32
254,Employee_254,Female,HR,Executive,2017-05-11,106434,4,Yes,2021-04-10,54
255,Employee_255,Female,Sales,Specialist,2019-12-29,84450,4,Yes,2021-04-20,57
256,Employee_256,Female,HR,Analyst,2020-05-15,63352,1,Yes,2025-02-20,59
257,Employee_257,Female,Engineering,Manager,2011-08-22,100931,1,Yes,2012-11-21,52
258,Employee_258,Female,Sales,Executive,2010-09-17,114085,4,No,2013-04-26,46
259,Employee_259,Female,HR,Specialist,2020-01-23,47431,3,Yes,2023-03-06,33
260,Employee_260,Male,Sales,Manager,2022-01-19,32979,3,No,2025-04-02,56
261,Employee_261,Female,Sales,Executive,2019-07-07,90375,3,Yes,2023-06-30,39
262,Employee_262,Male,Finance,Specialist,2014-03-25,32050,2,Yes,2015-11-11,26
263,Employee_263,Male,Finance,Specialist,2012-04-06,118083,1,Yes,2016-08-04,24
264,Employee_264,Male,Marketing,Executive,2019-01-09,37398,2,No,2022-06-25,36
265,Employee_265,Female,Sales,Engineer,2022-12-03,48777,5,Yes,2022-12-03,48
266,Employee_266,Male,Marketing,Specialist,2016-09-27,52955,4,No,2019-04-13,25
267,Employee_267,Female,Marketing,Engineer,2017-09-22,84568,4,Yes,2022-05-01,41
268,Employee_268,Female,Sales,Executive,2018-06-11,69418,2,No,2020-06-21,25
269,Employee_269,Female,Marketing,Specialist,2022-08-13,47575,4,Yes,2022-08-13,38
270,Employee_270,Male,Finance,Engineer,2014-07-24,42119,5,Yes,2017-05-30,25
271,Employee_271,Male,HR,Executive,2016-01-09,107015,5,Yes,2019-02-19,52
272,Employee_272,Female,HR,Executive,2014-09-08,54906,1,No,2017-07-20,37
273,Employee_273,Male,Marketing,Engineer,2014-08-03,67101,4,No,2017-10-23,56
274,Employee_274,Female,Engineering,Specialist,2018-01-22,95179,4,Yes,2020-10-14,52
275,Employee_275,Female,Engineering,Analyst,2017-03-08,35992,5,Yes,2019-04-28,31
276,Employee_276,Female,Engineering,Executive,2010-05-13,55715,3,Yes,2012-10-28,46
277,Employee_277,Female,Marketing,Engineer,2022-10-12,63728,4,No,2025-02-26,51
278,Employee_278,Male,Sales,Specialist,2013-10-10,94004,2,Yes,2016-09-30,55
279,Employee_279,Male,HR,Analyst,2010-10-05,48021,2,Yes,2012-03-05,31
280,Employee_280,Female,Engineering,Manager,2010-03-16,110980,5,No,2012-06-05,53
281,Employee_281,Female,HR,Manager,2010-05-09,99391,3,No,2011-05-22,23
282,Employee_282,Female,Sales,Manager,2021-04-07,42624,5,Yes,2021-04-07,37
283,Employee_283,Female,Engineering,Engineer,2014-04-22,82022,1,No,2018-10-12,47
284,Employee_284,Male,Sales,Engineer,2020-04-18,119658,1,Yes,2024-06-18,27
285,Employee_285,Female,Marketing,Analyst,2019-02-03,37355,1,Yes,2022-03-20,27
286,Employee_286,Female,Marketing,Manager,2021-03-18,99226,1,Yes,2024-08-22,35
287,Employee_287,Female,HR,Manager,2022-09-18,119709,3,Yes,2022-09-18,33
288,Employee_288,Male,Marketing,Executive,2017-01-20,82205,1,No,2018-02-21,32
289,Employee_289,Female,Marketing,Engineer,2022-08-25,80311,2,Yes,2024-12-29,54
290,Employee_290,Male,Finance,Executive,2017-10-04,39963,3,No,2019-01-21,42
291,Employee_291,Female,Finance,Analyst,2010-08-31,59902,3,No,2015-03-21,49
292,Employee_292,Female,HR,Specialist,2014-03-02,68715,2,Yes,2018-12-23,27
293,Employee_293,Female,Sales,Analyst,2016-01-05,71507,3,Yes,2017-11-15,27
294,Employee_294,Female,Engineering,Engineer,2010-02-12,43399,2,Yes,2012-11-04,33
295,Employee_295,Female,HR,Manager,2019-09-01,41746,3,Yes,2023-03-08,60
296,Employee_296,Male,Engineering,Analyst,2017-04-11,80829,1,Yes,2020-06-07,58
297,Employee_297,Female,Sales,Executive,2021-09-08,65247,3,No,2023-08-21,53
298,Employee_298,Male,Finance,Engineer,2013-04-10,85194,3,No,2014-08-17,26
299,Employee_299,Male,Finance,Specialist,2018-02-06,110828,2,No,2020-07-05,28
300,Employee_300,Male,Finance,Engineer,2013-01-14,111289,4,No,2015-09-29,50
301,Employee_301,Male,Engineering,Engineer,2017-07-05,109064,2,No,2020-12-02,42
302,Employee_302,Female,Engineering,Analyst,2013-12-26,105481,2,No,2017-03-20,46
303,Employee_303,Female,HR,Specialist,2016-04-15,56188,5,Yes,2019-06-28,57
304,Employee_304,Male,Finance,Engineer,2010-08-09,39064,4,No,2014-03-11,30
305,Employee_305,Female,Sales,Analyst,2016-10-16,79412,1,No,2019-02-23,60
306,Employee_306,Female,Marketing,Specialist,2020-09-30,84827,5,Yes,2025-01-04,45
307,Employee_307,Male,HR,Executive,2022-01-16,116193,3,Yes,2022-01-16,24
308,Employee_308,Female,Engineering,Analyst,2022-08-19,43886,1,Yes,2022-08-19,38
309,Employee_309,Male,Finance,Engineer,2014-12-24,81266,4,Yes,2018-11-03,44
310,Employee_310,Male,Engineering,Analyst,2010-07-21,41253,1,Yes,2014-04-04,44
311,Employee_311,Female,Sales,Specialist,2016-12-30,93298,3,No,2019-12-02,28
312,Employee_312,Female,Engineering,Manager,2019-10-30,69356,1,Yes,2024-09-24,23
313,Employee_313,Male,Sales,Executive,2017-09-11,97632,2,Yes,2022-04-30,43
314,Employee_314,Female,Sales,Analyst,2022-07-23,112543,2,Yes,2022-07-23,49
315,Employee_315,Male,Finance,Specialist,2018-11-15,86302,4,Yes,2020-01-13,35
316,Employee_316,Male,Marketing,Manager,2014-08-13,100371,2,No,2017-03-05,42
317,Employee_317,Male,Engineering,Analyst,2014-06-03,99168,3,No,2017-12-26,47
318,Employee_318,Female,Finance,Specialist,2012-07-24,52613,3,Yes,2015-07-06,30
319,Employee_319,Male,Engineering,Manager,2017-01-09,53992,3,Yes,2018-09-07,54
320,Employee_320,Male,Marketing,Analyst,2018-09-18,85448,2,No,2022-01-21,56
321,Employee_321,Male,Finance,Engineer,2013-11-20,48388,2,No,2017-12-30,50
322,Employee_322,Male,Finance,Executive,2011-03-16,55575,4,No,2014-03-20,48
323,Employee_323,Female,Finance,Executive,2021-01-11,40835,5,Yes,2024-05-11,36
324,Employee_324,Female,Sales,Specialist,2016-07-20,67836,2,No,2017-09-24,58
325,Employee_325,Male,Marketing,Manager,2021-02-09,65112,5,No,2025-03-10,56
326,Employee_326,Male,Finance,Manager,2010-12-07,115678,2,No,2014-05-28,24
327,Employee_327,Female,HR,Analyst,2020-02-02,45386,2,Yes,2022-07-24,59
328,Employee_328,Female,Sales,Specialist,2017-11-12,48249,2,Yes,2022-11-06,25
329,Employee_329,Female,Marketing,Specialist,2022-10-15,52069,3,No,2022-10-15,40
330,Employee_330,Male,Sales,Analyst,2022-11-05,37770,3,Yes,2025-05-05,30
331,Employee_331,Female,Sales,Analyst,2015-08-08,94154,2,No,2017-06-02,48
332,Employee_332,Male,HR,Analyst,2018-06-01,97582,3,No,2021-12-12,51
333,Employee_333,Male,HR,Analyst,2020-12-12,113209,3,Yes,2023-10-13,56
334,Employee_334,Female,Sales,Analyst,2018-12-03,65197,3,No,2021-02-21,43
335,Employee_335,Male,Marketing,Analyst,2022-04-11,75054,1,Yes,2022-04-11,28
336,Employee_336,Male,Sales,Analyst,2020-04-22,89836,1,No,2021-05-25,34
337,Employee_337,Female,Sales,Engineer,2012-12-16,42234,3,No,2017-08-08,27
338,Employee_338,Male,HR,Analyst,2018-05-05,111999,3,Yes,2023-01-24,49
339,Employee_339,Male,HR,Executive,2012-01-18,92496,1,Yes,2016-12-28,59
340,Employee_340,Female,HR,Manager,2015-01-27,75032,1,No,2018-12-25,30
341,Employee_341,Male,Finance,Manager,2020-09-18,43425,1,No,2022-02-10,45
342,Employee_342,Female,Sales,Executive,2016-09-17,38966,5,Yes,2018-06-24,32
343,Employee_343,Male,Sales,Analyst,2019-11-15,110750,4,Yes,2022-11-03,27
344,Employee_344,Male,Marketing,Analyst,2012-04-03,76076,4,No,2014-01-14,30
345,Employee_345,Male,Sales,Specialist,2015-07-23,108774,5,No,2018-02-09,23
346,Employee_346,Male,Finance,Engineer,2016-10-07,114694,1,Yes,2018-12-01,53
347,Employee_347,Male,Finance,Specialist,2018-08-28,39307,5,Yes,2020-04-14,45
348,Employee_348,Female,Marketing,Analyst,2017-02-05,77895,5,Yes,2018-11-02,52
349,Employee_349,Male,HR,Engineer,2011-08-21,58277,1,Yes,2012-09-23,47
350,Employee_350,Female,Finance,Analyst,2021-05-13,40803,5,Yes,2023-12-20,39
351,Employee_351,Male,Marketing,Executive,2011-11-16,50365,5,No,2014-08-11,47
352,Employee_352,Female,Sales,Manager,2011-06-26,62044,1,No,2014-03-22,29
353,Employee_353,Male,Engineering,Executive,2020-03-03,45655,1,Yes,2024-08-07,22
354,Employee_354,Female,Marketing,Specialist,2013-09-04,63980,2,No,2017-06-16,30
355,Employee_355,Male,Engineering,Analyst,2016-01-11,65649,5,Yes,2017-09-08,38
356,Employee_356,Male,Finance,Analyst,2022-12-07,96949,3,Yes,2022-12-07,53
357,Employee_357,Female,Sales,Engineer,2022-09-18,43487,5,Yes,2024-08-24,36
358,Employee_358,Male,HR,Executive,2021-05-31,36026,4,No,2022-06-05,46
359,Employee_359,Male,Marketing,Analyst,2013-05-14,59427,3,Yes,2015-05-15,48
360,Employee_360,Male,Marketing,Engineer,2017-03-05,45650,5,Yes,2019-09-11,33
361,Employee_361,Male,Finance,Manager,2015-01-03,90960,3,No,2018-11-24,42
362,Employee_362,Female,HR,Engineer,2011-12-09,56302,3,No,2016-01-14,37
363,Employee_363,Female,Sales,Specialist,2020-05-28,62129,2,Yes,2023-06-21,48
364,Employee_364,Female,HR,Engineer,2010-07-15,30191,4,No,2012-11-03,28
365,Employee_365,Male,Finance,Analyst,2014-08-08,37850,2,No,2018-07-28,27
366,Employee_366,Female,Engineering,Analyst,2010-12-26,41128,5,Yes,2013-04-13,54
367,Employee_367,Female,HR,Specialist,2012-12-29,104425,1,No,2017-07-26,30
368,Employee_368,Female,Engineering,Analyst,2015-04-24,72762,3,No,2017-12-11,39
369,Employee_369,Male,Sales,Specialist,2015-03-29,44283,2,Yes,2016-08-27,32
370,Employee_370,Female,Finance,Manager,2020-01-31,100244,3,Yes,2023-09-11,50
371,Employee_371,Female,HR,Manager,2016-11-30,50658,3,Yes,2020-07-05,35
372,Employee_372,Male,Sales,Engineer,2017-05-09,81936,5,Yes,2019-03-08,41
373,Employee_373,Male,Finance,Analyst,2015-11-02,102869,5,Yes,2017-10-23,28
374,Employee_374,Male,HR,Manager,2020-05-13,38083,2,Yes,2021-12-07,34
375,Employee_375,Male,Marketing,Specialist,2018-12-26,63924,1,Yes,2022-01-26,26
376,Employee_376,Female,Sales,Manager,2014-06-08,73456,1,Yes,2019-01-20,51
377,Employee_377,Female,Finance,Analyst,2011-02-19,33864,4,No,2013-01-28,33
378,Employee_378,Male,Engineering,Engineer,2017-12-09,88459,2,Yes,2020-02-21,37
379,Employee_379,Female,Marketing,Analyst,2016-08-14,37992,1,No,2020-05-31,46
380,Employee_380,Male,Marketing,Executive,2013-01-29,112674,5,Yes,2016-06-05,46
381,Employee_381,Female,Engineering,Specialist,2018-01-20,95849,3,No,2021-09-28,39
382,Employee_382,Female,Marketing,Executive,2014-01-13,33840,3,Yes,2015-03-07,52
383,Employee_383,Male,Sales,Manager,2021-11-16,62487,2,No,2024-11-17,56
384,Employee_384,Female,Engineering,Executive,2011-04-04,53081,2,No,2013-06-26,44
385,Employee_385,Female,Marketing,Specialist,2010-08-20,48625,5,Yes,2015-07-30,53
386,Employee_386,Male,Finance,Manager,2022-02-28,41830,1,Yes,2024-11-21,60
387,Employee_387,Female,HR,Engineer,2014-11-28,110495,2,Yes,2016-01-07,43
388,Employee_388,Male,HR,Executive,2013-12-24,106888,2,Yes,2016-10-16,55
389,Employee_389,Female,Finance,Specialist,2018-03-09,43242,3,No,2019-08-04,42
390,Employee_390,Female,Finance,Engineer,2013-01-22,52833,5,No,2014-12-10,36
391,Employee_391,Female,Engineering,Executive,2013-12-07,53292,1,No,2017-01-19,58
392,Employee_392,Female,Marketing,Executive,2010-09-23,113839,5,Yes,2012-09-29,53
393,Employee_393,Male,Sales,Engineer,2013-02-26,71879,2,Yes,2016-01-05,43
394,Employee_394,Female,Sales,Executive,2020-01-07,38885,3,No,2021-01-29,28
395,Employee_395,Female,Finance,Analyst,2010-01-11,51802,4,No,2011-04-19,46
396,Employee_396,Female,HR,Analyst,2017-11-17,105766,2,Yes,2021-12-09,50
397,Employee_397,Female,HR,Engineer,2011-08-27,64226,1,Yes,2012-11-02,43
398,Employee_398,Male,HR,Specialist,2013-10-25,42203,3,No,2016-12-01,23
399,Employee_399,Male,Marketing,Analyst,2019-09-04,50591,1,Yes,2024-05-03,43
400,Employee_400,Female,Marketing,Specialist,2014-08-11,64768,3,No,2016-09-03,37
401,Employee_401,Female,Marketing,Specialist,2012-02-25,94349,2,Yes,2013-06-05,45
402,Employee_402,Male,Engineering,Specialist,2010-02-01,92957,2,Yes,2013-06-25,23
403,Employee_403,Female,HR,Analyst,2014-08-23,45139,3,No,2016-08-06,52
404,Employee_404,Female,HR,Specialist,2020-12-20,80793,2,No,2020-12-20,46
405,Employee_405,Female,HR,Engineer,2018-04-15,87637,4,No,2020-05-01,36
406,Employee_406,Male,Sales,Manager,2016-01-10,41233,3,No,2020-03-09,59
407,Employee_407,Male,Finance,Specialist,2015-02-07,84870,5,No,2019-03-16,58
408,Employee_408,Female,HR,Analyst,2015-04-15,34551,5,Yes,2018-12-15,29
409,Employee_409,Male,Sales,Executive,2020-01-27,46539,1,No,2022-01-15,27
410,Employee_410,Male,Marketing,Engineer,2019-10-07,71910,1,Yes,2021-11-23,46
411,Employee_411,Female,Engineering,Specialist,2022-06-24,90051,1,No,2022-06-24,29
412,Employee_412,Male,Marketing,Specialist,2019-04-19,106372,1,Yes,2021-02-18,58
413,Employee_413,Female,Finance,Engineer,2012-04-07,80206,4,No,2014-11-13,24
414,Employee_414,Female,Sales,Specialist,2013-11-11,109777,4,Yes,2016-05-28,47
415,Employee_415,Male,HR,Analyst,2017-06-08,65203,3,Yes,2022-04-22,43
416,Employee_416,Female,Finance,Manager,2016-10-18,59878,2,No,2019-07-16,50
417,Employee_417,Female,Marketing,Manager,2017-03-13,54633,4,Yes,2019-09-15,48
418,Employee_418,Female,HR,Specialist,2020-11-12,50836,1,No,2024-10-04,54
419,Employee_419,Male,Sales,Executive,2019-01-18,56309,1,Yes,2020-10-21,24
420,Employee_420,Female,Sales,Engineer,2020-03-28,78280,4,No,2021-07-09,29
421,Employee_421,Female,Finance,Specialist,2010-09-08,88471,2,No,2013-01-15,59
422,Employee_422,Female,Sales,Engineer,2022-05-14,41847,3,Yes,2025-04-29,46
423,Employee_423,Male,Sales,Executive,2011-02-11,118826,2,No,2013-01-09,48
424,Employee_424,Male,Finance,Executive,2021-07-06,114852,2,Yes,2022-08-16,36
425,Employee_425,Female,Engineering,Analyst,2015-08-30,79345,3,No,2020-01-26,38
426,Employee_426,Female,Marketing,Specialist,2014-11-23,82055,5,Yes,2018-07-05,22
427,Employee_427,Female,Marketing,Specialist,2021-06-22,109829,3,No,2021-06-22,28
428,Employee_428,Female,Engineering,Engineer,2020-10-21,66291,3,No,2022-02-28,34
429,Employee_429,Male,HR,Specialist,2013-05-13,82965,3,Yes,2017-04-06,23
430,Employee_430,Female,Finance,Analyst,2021-02-26,80891,1,Yes,2023-10-24,43
431,Employee_431,Female,Engineering,Specialist,2014-12-27,69347,2,Yes,2019-11-01,40
432,Employee_432,Male,Engineering,Specialist,2012-03-10,53995,3,Yes,2015-10-30,36
433,Employee_433,Female,Finance,Engineer,2017-12-20,78717,3,No,2020-03-21,51
434,Employee_434,Male,Marketing,Specialist,2012-08-22,111350,1,No,2016-04-11,34
435,Employee_435,Female,Marketing,Engineer,2021-03-23,84146,1,Yes,2022-11-23,30
436,Employee_436,Female,Marketing,Analyst,2014-06-29,48772,3,Yes,2017-05-30,27
437,Employee_437,Male,Engineering,Manager,2020-12-08,30617,4,No,2023-10-20,35
438,Employee_438,Male,Finance,Manager,2013-10-13,46961,5,No,2018-01-05,49
439,Employee_439,Female,Finance,Manager,2019-01-18,34944,5,Yes,2022-06-14,45
440,Employee_440,Male,HR,Manager,2010-04-26,112141,2,Yes,2013-02-13,44
441,Employee_441,Male,Finance,Specialist,2016-12-31,107158,3,Yes,2018-09-21,26
442,Employee_442,Female,Finance,Specialist,2011-01-10,108167,5,No,2013-09-11,49
443,Employee_443,Female,Engineering,Executive,2013-01-01,51611,4,Yes,2015-12-03,36
444,Employee_444,Male,HR,Specialist,2015-01-12,96143,2,Yes,2016-10-06,45
445,Employee_445,Female,Marketing,Specialist,2010-11-03,36368,5,Yes,2013-12-10,28
446,Employee_446,Male,Finance,Analyst,2010-06-11,79840,1,No,2011-09-17,52
447,Employee_447,Male,Engineering,Analyst,2013-06-08,116725,1,No,2015-08-02,60
448,Employee_448,Male,Marketing,Specialist,2013-01-28,45431,3,Yes,2016-06-03,28
449,Employee_449,Male,Engineering,Specialist,2021-03-01,56433,3,No,2023-04-11,40
450,Employee_450,Female,Sales,Analyst,2013-08-06,73332,2,Yes,2014-10-25,22
451,Employee_451,Female,Sales,Manager,2011-12-31,97070,1,Yes,2013-08-13,38
452,Employee_452,Female,Engineering,Analyst,2015-03-09,36564,1,Yes,2018-09-29,24
453,Employee_453,Female,Finance,Manager,2016-07-08,42451,1,Yes,2019-07-15,30
454,Employee_454,Female,Finance,Specialist,2013-10-28,65167,1,No,2016-08-31,43
455,Employee_455,Female,Finance,Analyst,2014-02-07,65629,4,No,2015-09-28,48
456,Employee_456,Male,HR,Executive,2013-09-28,43593,4,No,2015-05-17,58
457,Employee_457,Female,Engineering,Specialist,2019-10-30,33777,2,No,2021-11-04,53
458,Employee_458,Female,HR,Manager,2012-07-14,64290,3,Yes,2015-11-03,55
459,Employee_459,Male,Engineering,Specialist,2022-12-07,98564,5,Yes,2022-12-07,49
460,Employee_460,Female,Finance,Executive,2015-07-30,103183,5,Yes,2019-04-11,22
461,Employee_461,Female,Finance,Executive,2013-07-09,39812,4,No,2017-05-09,37
462,Employee_462,Male,Marketing,Executive,2017-06-03,102154,4,No,2019-12-24,37
463,Employee_463,Female,Marketing,Analyst,2011-10-08,41536,4,No,2015-05-05,42
464,Employee_464,Male,HR,Analyst,2012-08-30,84046,1,Yes,2016-06-13,27
465,Employee_465,Male,Finance,Engineer,2016-10-31,77624,1,Yes,2020-09-06,51
466,Employee_466,Female,Engineering,Analyst,2017-06-12,44945,1,Yes,2021-08-02,22
467,Employee_467,Female,Marketing,Specialist,2017-08-28,79006,1,Yes,2020-08-24,32
468,Employee_468,Female,HR,Engineer,2021-01-16,110065,2,Yes,2022-10-30,29
469,Employee_469,Female,Sales,Engineer,2018-10-24,44125,4,Yes,2021-01-07,59
470,Employee_470,Female,Marketing,Specialist,2012-10-06,47647,4,Yes,2016-04-15,55
471,Employee_471,Female,Marketing,Analyst,2011-02-02,96628,2,Yes,2015-03-11,30
472,Employee_472,Female,Marketing,Analyst,2012-04-28,84875,5,Yes,2015-06-30,39
473,Employee_473,Female,Finance,Executive,2018-12-04,48111,4,No,2021-11-05,57
474,Employee_474,Male,Sales,Executive,2017-01-15,111810,3,No,2022-01-11,30
475,Employee_475,Female,HR,Engineer,2013-12-27,103699,4,No,2017-10-23,56
476,Employee_476,Male,Marketing,Manager,2016-05-31,33312,4,Yes,2019-10-13,25
477,Employee_477,Female,Sales,Engineer,2011-04-09,119573,3,Yes,2013-05-22,25
478,Employee_478,Male,Engineering,Analyst,2016-08-14,43432,5,Yes,2018-10-05,57
479,Employee_479,Female,HR,Analyst,2018-09-21,80797,4,No,2021-01-19,57
480,Employee_480,Female,Sales,Specialist,2011-03-17,88073,2,No,2012-04-11,59
481,Employee_481,Male,Sales,Engineer,2022-04-05,88827,2,Yes,2022-04-05,33
482,Employee_482,Male,Finance,Manager,2013-11-24,86165,3,No,2017-10-11,30
483,Employee_483,Female,HR,Engineer,2013-08-11,91122,2,Yes,2017-11-19,31
484,Employee_484,Male,Marketing,Engineer,2017-03-27,94297,5,No,2021-07-31,26
485,Employee_485,Male,Sales,Specialist,2017-02-16,38936,5,Yes,2021-01-27,48
486,Employee_486,Female,HR,Engineer,2022-03-07,58992,2,No,2022-03-07,43
487,Employee_487,Male,Marketing,Specialist,2018-02-03,92240,5,Yes,2020-09-26,29
488,Employee_488,Male,Marketing,Specialist,2017-10-05,61958,1,No,2021-04-04,46
489,Employee_489,Female,Marketing,Engineer,2012-07-17,33238,5,No,2015-09-15,54
490,Employee_490,Female,HR,Engineer,2021-05-30,115397,2,No,2024-11-27,54
491,Employee_491,Male,Marketing,Specialist,2011-11-06,30960,1,Yes,2013-05-20,35
492,Employee_492,Male,Marketing,Analyst,2019-07-08,114746,1,Yes,2021-02-04,23
493,Employee_493,Male,HR,Manager,2020-04-19,37113,2,No,2023-02-27,57
494,Employee_494,Male,Engineering,Analyst,2011-08-01,80860,4,No,2015-10-21,49
495,Employee_495,Female,HR,Specialist,2017-02-04,30773,5,Yes,2018-03-10,59
496,Employee_496,Male,Engineering,Specialist,2011-01-08,43911,3,No,2015-12-13,60
497,Employee_497,Female,Finance,Analyst,2011-12-10,116602,1,No,2014-07-08,32
498,Employee_498,Male,Finance,Specialist,2021-12-19,68663,2,No,2024-03-13,45
499,Employee_499,Male,HR,Manager,2010-04-02,30659,5,No,2014-05-09,56
500,Employee_500,Female,Sales,Engineer,2022-04-13,57752,4,Yes,2023-10-04,32
501,Employee_501,Female,Sales,Manager,2014-02-16,53770,5,Yes,2016-05-13,57
502,Employee_502,Male,Engineering,Manager,2020-05-06,62858,1,Yes,2024-12-16,59
503,Employee_503,Female,Sales,Executive,2020-12-05,43113,3,Yes,2023-10-13,34
504,Employee_504,Female,Engineering,Specialist,2017-02-16,116431,3,Yes,2020-11-07,58
505,Employee_505,Female,Finance,Executive,2022-09-18,30633,3,Yes,2022-09-18,36
506,Employee_506,Female,Sales,Engineer,2019-10-13,92908,4,No,2022-05-01,44
507,Employee_507,Male,Sales,Specialist,2016-11-07,40744,3,Yes,2020-07-31,56
508,Employee_508,Male,HR,Manager,2014-05-29,96476,1,No,2016-11-18,59
509,Employee_509,Female,Marketing,Specialist,2014-10-09,91879,2,No,2015-12-23,47
510,Employee_510,Female,Sales,Analyst,2015-01-04,95683,5,Yes,2019-04-25,47
511,Employee_511,Male,Sales,Specialist,2018-02-28,119674,2,Yes,2021-12-22,50
512,Employee_512,Male,Finance,Engineer,2013-07-28,35297,2,No,2015-07-29,36
513,Employee_513,Female,Sales,Manager,2011-05-30,117632,2,No,2013-11-21,46
514,Employee_514,Male,HR,Engineer,2020-07-14,43529,5,No,2024-01-31,38
515,Employee_515,Male,Finance,Analyst,2022-12-24,77880,5,Yes,2022-12-24,55
516,Employee_516,Male,Marketing,Analyst,2015-08-23,76255,3,No,2018-10-01,52
517,Employee_517,Male,Finance,Executive,2010-02-24,60145,1,No,2013-12-17,35
518,Employee_518,Male,Engineering,Specialist,2013-05-15,45509,2,No,2015-06-01,43
519,Employee_519,Female,Finance,Executive,2012-07-17,107436,2,No,2016-03-29,23
520,Employee_520,Male,Marketing,Specialist,2015-06-20,51119,2,Yes,2016-09-15,58
521,Employee_521,Male,Engineering,Executive,2013-04-18,97717,4,Yes,2014-08-10,40
522,Employee_522,Female,Marketing,Analyst,2011-12-04,93133,2,Yes,2014-02-19,48
523,Employee_523,Male,Marketing,Specialist,2013-03-15,64671,2,No,2017-06-20,51
524,Employee_524,Female,Finance,Executive,2011-07-18,44230,1,Yes,2013-10-30,55
525,Employee_525,Female,Sales,Specialist,2021-04-24,42622,2,No,2021-04-24,60
526,Employee_526,Male,HR,Analyst,2010-11-16,116427,2,Yes,2014-11-08,49
527,Employee_527,Female,HR,Specialist,2021-09-16,86224,2,No,2025-01-24,46
528,Employee_528,Male,Finance,Executive,2017-11-11,63360,4,Yes,2022-03-01,27
529,Employee_529,Female,Engineering,Executive,2016-05-09,30716,1,Yes,2020-09-15,55
530,Employee_530,Male,Engineering,Analyst,2010-02-28,77483,1,Yes,2013-04-06,49
531,Employee_531,Female,Marketing,Engineer,2015-09-09,110200,3,No,2018-02-25,35
532,Employee_532,Female,Sales,Engineer,2019-04-09,103281,5,No,2023-05-13,38
533,Employee_533,Female,Finance,Executive,2016-11-17,116413,1,Yes,2021-02-12,50
534,Employee_534,Male,Marketing,Analyst,2013-08-18,74359,5,Yes,2015-03-11,32
535,Employee_535,Male,HR,Executive,2018-09-23,91822,5,No,2023-04-17,27
536,Employee_536,Male,Engineering,Manager,2011-06-09,109826,1,No,2013-11-28,47
537,Employee_537,Male,Sales,Analyst,2021-09-08,87536,1,Yes,2024-04-16,55
538,Employee_538,Male,Marketing,Specialist,2016-05-31,97608,2,Yes,2018-07-03,24
539,Employee_539,Male,Sales,Manager,2018-01-25,66167,4,No,2020-05-28,47
540,Employee_540,Male,Marketing,Manager,2019-02-04,38993,1,No,2023-05-19,57
541,Employee_541,Female,Sales,Specialist,2017-10-22,55496,4,No,2020-10-02,58
542,Employee_542,Male,Finance,Specialist,2010-02-08,43954,5,Yes,2012-07-26,54
543,Employee_543,Male,Marketing,Engineer,2016-08-07,100504,5,No,2019-07-04,50
544,Employee_544,Female,Sales,Engineer,2018-06-17,90142,4,Yes,2022-08-13,52
545,Employee_545,Male,Finance,Executive,2012-08-10,118724,2,No,2015-01-20,48
546,Employee_546,Male,Engineering,Executive,2017-12-02,67655,1,No,2021-10-24,43
547,Employee_547,Male,Finance,Engineer,2011-09-15,76338,2,No,2015-10-24,33
548,Employee_548,Male,Sales,Executive,2014-04-07,64787,2,Yes,2018-01-22,34
549,Employee_549,Female,Sales,Manager,2015-08-08,45712,1,No,2020-01-25,22
550,Employee_550,Female,Engineering,Specialist,2022-02-22,71342,4,No,2023-05-19,53
551,Employee_551,Female,Finance,Executive,2014-02-07,105584,2,Yes,2017-12-19,55
552,Employee_552,Male,Marketing,Engineer,2019-06-29,81605,2,No,2023-03-04,29
553,Employee_553,Female,HR,Manager,2021-08-16,118356,2,No,2025-03-15,59
554,Employee_554,Female,Marketing,Engineer,2012-04-05,54530,5,No,2015-01-31,37
555,Employee_555,Female,Engineering,Executive,2016-01-16,95374,4,Yes,2019-09-07,48
556,Employee_556,Female,Engineering,Analyst,2018-05-08,53578,5,Yes,2021-05-24,58
557,Employee_557,Female,Sales,Specialist,2015-02-16,86651,4,Yes,2016-09-07,31
558,Employee_558,Male,Sales,Analyst,2013-05-10,95483,2,No,2017-01-02,53
559,Employee_559,Male,Finance,Manager,2016-09-23,51409,1,Yes,2019-02-18,38
560,Employee_560,Male,Finance,Engineer,2020-09-08,64048,3,No,2025-03-20,57
561,Employee_561,Female,HR,Analyst,2022-07-03,45890,3,Yes,2024-12-11,58
562,Employee_562,Male,Engineering,Engineer,2022-12-01,72610,5,No,2022-12-01,50
563,Employee_563,Female,Finance,Executive,2011-10-05,51964,3,No,2014-11-23,58
564,Employee_564,Male,Sales,Engineer,2019-01-29,59912,3,No,2020-06-23,40
565,Employee_565,Female,Engineering,Analyst,2016-01-01,77600,5,No,2020-05-23,48
566,Employee_566,Male,Sales,Executive,2013-10-02,116772,3,Yes,2015-10-13,35
567,Employee_567,Male,HR,Manager,2013-09-29,92021,5,Yes,2016-12-20,23
568,Employee_568,Male,HR,Engineer,2018-11-27,111015,2,Yes,2022-11-04,46
569,Employee_569,Male,Engineering,Analyst,2016-12-09,112114,2,Yes,2019-03-23,55
570,Employee_570,Male,Engineering,Engineer,2013-10-29,92410,4,No,2014-12-26,57
571,Employee_571,Male,Marketing,Specialist,2019-12-24,89840,5,No,2021-09-25,55
572,Employee_572,Female,Finance,Specialist,2021-12-21,59770,1,No,2024-09-15,41
573,Employee_573,Female,Sales,Engineer,2018-03-16,31383,1,Yes,2021-07-07,44
574,Employee_574,Male,Finance,Analyst,2016-06-07,69270,1,No,2020-01-23,40
575,Employee_575,Female,Sales,Analyst,2015-03-10,103472,4,No,2016-03-23,37
576,Employee_576,Female,Finance,Executive,2013-08-30,64469,1,No,2018-04-13,37
577,Employee_577,Female,Engineering,Specialist,2021-08-03,65235,4,Yes,2021-08-03,26
578,Employee_578,Female,HR,Analyst,2014-02-03,110967,4,No,2015-11-09,53
579,Employee_579,Male,Sales,Manager,2014-03-19,100119,1,Yes,2017-01-03,28
580,Employee_580,Male,Finance,Manager,2016-04-30,60514,1,Yes,2018-11-02,22
581,Employee_581,Female,Finance,Engineer,2021-01-26,95325,3,No,2023-04-15,24
582,Employee_582,Male,HR,Engineer,2017-05-29,81435,1,No,2018-11-09,33
583,Employee_583,Female,HR,Manager,2014-04-24,62631,4,No,2016-09-17,37
584,Employee_584,Female,HR,Specialist,2010-10-02,117294,2,No,2012-11-12,46
585,Employee_585,Male,HR,Specialist,2016-12-31,98278,1,No,2019-10-23,52
586,Employee_586,Female,HR,Executive,2016-09-13,44801,2,No,2018-10-24,42
587,Employee_587,Female,Marketing,Manager,2010-05-04,81879,2,Yes,2012-04-10,24
588,Employee_588,Male,Engineering,Manager,2020-08-29,62600,2,No,2020-08-29,27
589,Employee_589,Male,HR,Engineer,2017-08-04,114485,2,Yes,2022-02-04,30
590,Employee_590,Female,Marketing,Engineer,2020-12-10,87503,2,Yes,2023-03-31,46
591,Employee_591,Female,HR,Analyst,2018-01-13,87344,5,No,2019-10-15,56
592,Employee_592,Male,Marketing,Engineer,2020-12-28,72425,4,No,2023-01-20,60
593,Employee_593,Male,Marketing,Executive,2022-06-09,88901,3,No,2024-05-02,56
594,Employee_594,Male,Marketing,Analyst,2018-03-27,54318,1,No,2021-10-11,37
595,Employee_595,Female,Sales,Specialist,2017-03-12,119551,4,Yes,2018-07-19,40
596,Employee_596,Female,HR,Manager,2017-03-27,98576,1,Yes,2020-07-13,30
597,Employee_597,Male,HR,Analyst,2014-01-03,55115,1,Yes,2015-03-08,58
598,Employee_598,Female,Marketing,Specialist,2018-09-19,107371,3,Yes,2023-05-28,45
599,Employee_599,Male,HR,Executive,2014-12-14,115950,4,Yes,2019-05-07,51
600,Employee_600,Female,Engineering,Manager,2011-05-13,110862,3,Yes,2014-05-21,26
601,Employee_601,Male,Marketing,Manager,2016-10-25,43267,2,No,2018-04-02,34
602,Employee_602,Male,Marketing,Executive,2014-05-02,103193,5,No,2018-04-13,28
603,Employee_603,Female,Finance,Manager,2022-12-07,51864,2,No,2022-12-07,54
604,Employee_604,Male,Marketing,Specialist,2017-07-27,88066,3,No,2022-04-03,57
605,Employee_605,Female,Finance,Engineer,2017-04-13,109745,2,Yes,2020-05-13,46
606,Employee_606,Female,Finance,Analyst,2022-05-05,82047,1,Yes,2024-10-06,40
607,Employee_607,Male,Engineering,Manager,2010-05-14,69365,2,Yes,2014-04-08,42
608,Employee_608,Female,Marketing,Specialist,2010-06-27,102918,5,Yes,2015-05-09,28
609,Employee_609,Female,Sales,Executive,2010-11-06,64732,3,Yes,2014-06-05,36
610,Employee_610,Male,Marketing,Analyst,2015-10-01,104588,2,Yes,2018-06-07,42
611,Employee_611,Female,Marketing,Manager,2020-10-27,108018,3,Yes,2022-10-16,58
612,Employee_612,Male,Engineering,Engineer,2018-07-23,86925,4,Yes,2019-12-30,36
613,Employee_613,Female,HR,Engineer,2010-04-04,98731,1,No,2014-10-23,56
614,Employee_614,Female,Marketing,Executive,2022-09-02,50079,1,No,2024-07-04,50
615,Employee_615,Male,Sales,Analyst,2022-11-26,67982,4,Yes,2022-11-26,30
616,Employee_616,Female,Marketing,Manager,2017-07-16,101847,4,No,2019-01-01,27
617,Employee_617,Female,Sales,Executive,2018-12-09,93035,5,Yes,2022-10-01,53
618,Employee_618,Male,Marketing,Specialist,2018-11-13,98714,2,Yes,2023-07-10,26
619,Employee_619,Female,Marketing,Manager,2015-12-22,44749,4,No,2019-05-20,45
620,Employee_620,Female,Engineering,Specialist,2017-10-24,115905,1,No,2019-11-18,32
621,Employee_621,Female,Marketing,Executive,2017-11-04,87732,1,Yes,2022-04-19,34
622,Employee_622,Male,HR,Manager,2018-05-21,61856,5,Yes,2020-04-04,40
623,Employee_623,Male,Engineering,Analyst,2010-04-23,91759,1,No,2013-03-26,35
624,Employee_624,Male,Marketing,Specialist,2022-01-25,63902,5,No,2024-04-02,31
625,Employee_625,Male,Engineering,Executive,2010-05-31,37878,3,Yes,2013-07-10,39
626,Employee_626,Male,HR,Analyst,2011-03-11,116556,3,No,2014-10-18,28
627,Employee_627,Female,Sales,Analyst,2010-06-06,96655,1,No,2013-01-25,53
628,Employee_628,Male,Sales,Specialist,2021-12-03,90029,5,Yes,2023-06-01,24
629,Employee_629,Female,Engineering,Analyst,2015-07-20,81563,2,Yes,2019-07-08,44
630,Employee_630,Female,Sales,Specialist,2017-11-22,66159,1,No,2020-11-18,46
631,Employee_631,Female,Sales,Executive,2010-08-30,74798,4,Yes,2014-10-09,27
632,Employee_632,Male,Finance,Executive,2018-07-29,105090,2,No,2022-06-29,41
633,Employee_633,Male,Sales,Executive,2017-05-21,106156,5,Yes,2020-11-25,30
634,Employee_634,Male,Finance,Executive,2016-12-06,116013,5,Yes,2021-10-16,42
635,Employee_635,Male,Sales,Engineer,2011-07-10,49073,1,No,2015-08-24,48
636,Employee_636,Female,Engineering,Executive,2019-03-23,54632,1,Yes,2021-12-03,33
637,Employee_637,Female,Marketing,Specialist,2010-08-03,110263,2,Yes,2015-01-07,36
638,Employee_638,Male,Finance,Executive,2010-08-02,95840,5,No,2013-08-06,45
639,Employee_639,Female,Finance,Executive,2014-02-16,51467,2,Yes,2017-04-19,24
640,Employee_640,Female,Finance,Executive,2019-03-02,117993,2,Yes,2020-03-31,26
641,Employee_641,Female,Engineering,Analyst,2013-12-21,62346,4,No,2017-06-07,24
642,Employee_642,Female,Marketing,Specialist,2018-07-14,107831,5,Yes,2021-04-14,55
643,Employee_643,Female,HR,Executive,2012-06-14,97987,5,No,2015-12-25,24
644,Employee_644,Male,Sales,Engineer,2022-07-05,87613,4,No,2022-07-05,40
645,Employee_645,Female,Engineering,Specialist,2020-05-07,37149,5,Yes,2022-04-12,51
646,Employee_646,Male,Sales,Specialist,2020-02-18,101618,2,No,2021-08-21,48
647,Employee_647,Male,Sales,Analyst,2017-04-03,107373,2,No,2020-10-12,27
648,Employee_648,Male,HR,Manager,2015-08-11,44963,4,No,2018-06-04,27
649,Employee_649,Female,Marketing,Specialist,2021-10-01,50958,4,No,2021-10-01,24
650,Employee_650,Male,Sales,Executive,2013-10-31,53444,1,No,2016-09-16,41
651,Employee_651,Female,Sales,Manager,2016-12-10,47245,2,Yes,2020-06-10,38
652,Employee_652,Female,Finance,Specialist,2010-04-11,30753,5,No,2013-11-05,37
653,Employee_653,Female,Finance,Analyst,2014-11-12,87917,1,Yes,2019-03-01,37
654,Employee_654,Male,HR,Executive,2022-04-11,49432,1,No,2024-10-31,24
655,Employee_655,Female,Engineering,Manager,2013-04-05,36426,1,No,2014-06-10,33
656,Employee_656,Female,Marketing,Specialist,2013-08-14,105010,5,Yes,2018-05-21,51
657,Employee_657,Male,HR,Engineer,2022-12-26,72312,3,No,2022-12-26,26
658,Employee_658,Male,Engineering,Analyst,2019-08-02,47635,1,No,2023-09-02,43
659,Employee_659,Male,Sales,Specialist,2021-10-27,37626,1,Yes,2025-02-20,52
660,Employee_660,Female,Engineering,Specialist,2016-06-10,105385,5,No,2019-11-01,30
661,Employee_661,Female,Finance,Executive,2022-08-15,109876,2,No,2022-08-15,34
662,Employee_662,Male,Finance,Manager,2010-01-13,57175,5,No,2011-09-12,48
663,Employee_663,Female,Marketing,Executive,2011-01-08,31480,2,No,2013-11-21,38
664,Employee_664,Female,Marketing,Specialist,2011-07-10,72457,1,Yes,2014-03-31,43
665,Employee_665,Male,Sales,Executive,2017-08-28,73321,3,No,2020-11-16,52
666,Employee_666,Male,Finance,Executive,2010-10-19,112208,4,No,2015-06-02,51
667,Employee_667,Female,Marketing,Engineer,2019-04-15,102768,5,Yes,2020-08-06,35
668,Employee_668,Female,Engineering,Manager,2022-12-14,49569,3,Yes,2022-12-14,43
669,Employee_669,Male,Marketing,Specialist,2018-06-01,81061,2,Yes,2022-12-05,41
670,Employee_670,Male,Engineering,Analyst,2017-01-20,41376,4,Yes,2022-01-12,45
671,Employee_671,Male,Marketing,Engineer,2020-02-20,52939,1,No,2022-10-31,24
672,Employee_672,Female,Marketing,Manager,2014-07-14,93263,5,Yes,2016-01-19,34
673,Employee_673,Female,Engineering,Executive,2017-08-18,42878,5,Yes,2021-05-04,35
674,Employee_674,Female,Marketing,Manager,2010-10-27,30538,3,Yes,2014-05-24,60
675,Employee_675,Female,HR,Manager,2011-12-15,98233,3,Yes,2014-10-27,58
676,Employee_676,Male,Engineering,Executive,2017-01-01,55237,3,No,2021-08-01,56
677,Employee_677,Male,Engineering,Executive,2017-02-27,50643,3,Yes,2020-08-18,22
678,Employee_678,Male,Sales,Specialist,2022-07-21,75916,5,No,2022-07-21,39
679,Employee_679,Female,Marketing,Executive,2013-03-05,52449,1,No,2018-02-14,43
680,Employee_680,Male,Sales,Manager,2022-02-15,91700,1,Yes,2022-02-15,46
681,Employee_681,Female,Finance,Executive,2011-03-17,108134,5,No,2012-09-08,44
682,Employee_682,Male,Marketing,Manager,2017-01-03,91039,5,Yes,2019-11-14,27
683,Employee_683,Female,Engineering,Analyst,2020-07-03,91675,2,Yes,2022-01-18,31
684,Employee_684,Female,Sales,Engineer,2015-10-15,72567,4,No,2018-10-28,23
685,Employee_685,Male,Engineering,Analyst,2011-06-20,90455,2,No,2015-02-17,44
686,Employee_686,Male,Finance,Manager,2022-11-21,72712,5,Yes,2024-08-07,41
687,Employee_687,Female,Marketing,Analyst,2021-12-13,61270,5,Yes,2021-12-13,57
688,Employee_688,Female,HR,Engineer,2013-07-26,57294,5,No,2017-04-08,49
689,Employee_689,Male,Sales,Manager,2022-09-21,105260,4,Yes,2022-09-21,59
690,Employee_690,Male,Finance,Executive,2020-05-20,70374,4,Yes,2023-03-17,60
691,Employee_691,Female,Engineering,Analyst,2012-06-09,114540,1,Yes,2017-04-12,35
692,Employee_692,Male,Sales,Executive,2013-02-12,89372,5,No,2017-05-16,46
693,Employee_693,Male,Sales,Engineer,2022-12-18,69286,5,No,2022-12-18,49
694,Employee_694,Male,Marketing,Specialist,2017-09-21,82978,2,No,2019-03-22,25
695,Employee_695,Male,HR,Specialist,2018-04-13,77086,1,No,2022-05-11,23
696,Employee_696,Female,Engineering,Analyst,2015-04-12,83219,4,No,2018-09-12,56
697,Employee_697,Male,Finance,Executive,2014-09-27,54671,5,No,2019-06-14,45
698,Employee_698,Female,Sales,Executive,2019-05-11,31520,1,Yes,2021-03-21,31
699,Employee_699,Female,Sales,Manager,2020-12-01,47985,4,No,2020-12-01,60
700,Employee_700,Male,Finance,Specialist,2019-07-20,85590,5,No,2024-01-16,46
701,Employee_701,Male,Finance,Specialist,2017-12-20,30973,5,No,2020-03-26,37
702,Employee_702,Female,Marketing,Specialist,2021-04-03,78099,1,Yes,2023-10-06,58
703,Employee_703,Female,HR,Specialist,2020-11-02,93115,1,Yes,2020-11-02,55
704,Employee_704,Male,Marketing,Specialist,2016-04-08,41592,2,No,2019-11-16,26
705,Employee_705,Female,Marketing,Manager,2022-02-04,75029,5,Yes,2022-02-04,52
706,Employee_706,Female,Marketing,Engineer,2020-03-08,85183,3,No,2024-01-21,40
707,Employee_707,Female,Marketing,Engineer,2013-10-04,38050,4,Yes,2014-12-15,58
708,Employee_708,Female,Marketing,Manager,2011-02-27,67593,4,Yes,2015-11-02,30
709,Employee_709,Female,Engineering,Executive,2021-05-04,110713,3,No,2022-10-08,38
710,Employee_710,Male,Marketing,Executive,2010-04-27,116396,4,No,2011-12-11,33
711,Employee_711,Male,Finance,Executive,2015-11-11,99125,1,No,2020-10-15,27
712,Employee_712,Male,Finance,Analyst,2013-04-03,80222,2,No,2017-08-04,32
713,Employee_713,Female,HR,Engineer,2014-09-24,45203,1,Yes,2018-12-20,51
714,Employee_714,Female,Finance,Specialist,2018-12-11,60626,4,No,2022-08-12,52
715,Employee_715,Female,HR,Engineer,2015-11-22,88827,4,No,2017-09-14,55
716,Employee_716,Female,Finance,Specialist,2010-12-03,115467,3,No,2012-06-19,39
717,Employee_717,Female,Marketing,Analyst,2015-12-28,90438,2,Yes,2017-07-16,55
718,Employee_718,Male,Engineering,Specialist,2017-07-27,31386,1,Yes,2022-05-14,22
719,Employee_719,Male,Finance,Engineer,2019-03-23,58759,3,No,2020-10-08,34
720,Employee_720,Male,HR,Specialist,2010-10-06,116062,2,Yes,2011-11-23,29
721,Employee_721,Male,Finance,Specialist,2011-12-09,54217,1,Yes,2016-04-29,38
722,Employee_722,Male,Finance,Engineer,2016-08-10,85965,3,No,2020-03-23,32
723,Employee_723,Male,Finance,Analyst,2011-08-30,73601,1,No,2014-03-19,38
724,Employee_724,Male,Finance,Executive,2013-12-28,109993,4,Yes,2017-06-17,53
725,Employee_725,Female,Sales,Specialist,2012-06-07,114323,1,No,2014-03-28,38
726,Employee_726,Male,HR,Specialist,2012-04-26,62846,4,Yes,2013-07-06,53
727,Employee_727,Male,HR,Analyst,2013-05-04,64922,2,No,2017-12-31,47
728,Employee_728,Female,Finance,Analyst,2022-11-21,82941,1,Yes,2023-11-28,22
729,Employee_729,Female,HR,Specialist,2018-08-16,100163,3,No,2023-06-27,41
730,Employee_730,Male,Engineering,Specialist,2018-12-26,74572,1,No,2020-04-17,40
731,Employee_731,Male,Finance,Executive,2014-07-22,69173,4,Yes,2016-07-17,44
732,Employee_732,Female,Sales,Executive,2020-11-29,34679,2,Yes,2022-05-21,59
733,Employee_733,Female,HR,Specialist,2015-05-08,114332,3,No,2019-02-02,56
734,Employee_734,Male,Engineering,Manager,2020-01-29,74265,1,No,2021-03-02,29
735,Employee_735,Female,Marketing,Executive,2014-10-01,105936,2,Yes,2019-06-01,24
736,Employee_736,Male,Finance,Specialist,2013-03-05,36003,2,Yes,2016-11-30,22
737,Employee_737,Male,Engineering,Manager,2013-11-12,89793,5,Yes,2018-05-30,59
738,Employee_738,Male,Finance,Specialist,2011-06-08,110691,2,Yes,2013-01-10,34
739,Employee_739,Female,Engineering,Manager,2019-07-24,119664,5,Yes,2022-06-13,42
740,Employee_740,Male,Engineering,Manager,2014-10-13,45826,3,Yes,2016-01-14,48
741,Employee_741,Female,Marketing,Executive,2013-10-08,87496,2,Yes,2018-09-03,30
742,Employee_742,Female,Sales,Manager,2012-03-29,93827,1,Yes,2016-10-13,22
743,Employee_743,Female,Finance,Analyst,2014-01-09,46632,2,Yes,2015-07-10,39
744,Employee_744,Female,Sales,Executive,2021-09-25,110024,1,Yes,2025-04-04,53
745,Employee_745,Female,Engineering,Analyst,2011-12-23,30599,5,Yes,2016-06-28,34
746,Employee_746,Male,Marketing,Engineer,2012-08-20,100742,5,Yes,2016-08-09,51
747,Employee_747,Male,Sales,Manager,2014-09-01,49558,4,No,2017-03-20,33
748,Employee_748,Male,HR,Engineer,2013-08-01,67363,2,No,2018-05-04,38
749,Employee_749,Female,HR,Manager,2017-07-01,36875,5,Yes,2021-12-15,32
750,Employee_750,Male,HR,Executive,2010-08-27,88303,5,No,2014-05-16,48
751,Employee_751,Female,Sales,Manager,2014-06-17,72746,2,Yes,2019-04-03,37
752,Employee_752,Female,Sales,Manager,2019-04-03,91733,5,No,2021-05-16,25
753,Employee_753,Male,Marketing,Analyst,2019-10-11,53338,4,No,2021-08-02,30
754,Employee_754,Female,Engineering,Executive,2020-04-07,74025,2,Yes,2022-05-09,58
755,Employee_755,Male,HR,Analyst,2011-05-04,90106,4,Yes,2013-11-28,43
756,Employee_756,Male,Marketing,Executive,2014-12-07,105775,5,Yes,2017-08-02,27
757,Employee_757,Female,Sales,Specialist,2019-03-27,92061,4,No,2023-02-27,22
758,Employee_758,Male,Engineering,Analyst,2019-08-09,105951,2,Yes,2021-12-26,58
759,Employee_759,Male,HR,Analyst,2010-02-11,96088,1,No,2013-06-15,55
760,Employee_760,Male,Finance,Analyst,2018-11-05,61524,1,Yes,2022-07-13,48
761,Employee_761,Female,Engineering,Executive,2014-11-21,114887,1,Yes,2016-08-18,52
762,Employee_762,Female,Marketing,Specialist,2016-11-02,33199,4,No,2018-09-29,30
763,Employee_763,Female,Finance,Manager,2019-02-03,112222,1,No,2021-02-15,43
764,Employee_764,Female,Finance,Engineer,2021-11-28,110281,5,Yes,2023-02-02,27
765,Employee_765,Female,HR,Manager,2017-07-13,80194,3,No,2018-11-02,24
766,Employee_766,Male,Marketing,Manager,2018-03-14,103499,2,Yes,2021-04-02,43
767,Employee_767,Male,Finance,Specialist,2015-05-09,57498,2,No,2019-05-18,44
768,Employee_768,Female,Engineering,Manager,2015-12-31,38305,3,No,2019-10-27,50
769,Employee_769,Male,Finance,Specialist,2020-11-27,118907,5,No,2024-09-18,50
770,Employee_770,Male,Sales,Analyst,2018-04-04,41443,1,No,2023-01-11,33
771,Employee_771,Male,Sales,Engineer,2016-06-20,44683,2,No,2017-11-24,31
772,Employee_772,Male,Engineering,Analyst,2014-08-01,119443,5,Yes,2018-07-02,52
773,Employee_773,Female,HR,Engineer,2017-10-11,54780,1,Yes,2021-02-17,36
774,Employee_774,Female,Finance,Specialist,2021-08-27,74930,3,No,2021-08-27,59
775,Employee_775,Female,Finance,Engineer,2021-11-22,104350,2,No,2021-11-22,32
776,Employee_776,Female,Engineering,Engineer,2015-10-31,36202,2,No,2018-02-06,40
777,Employee_777,Male,Marketing,Engineer,2020-03-23,53891,2,Yes,2022-02-26,32
778,Employee_778,Male,Engineering,Specialist,2015-05-03,46577,4,No,2016-12-27,45
779,Employee_779,Male,Engineering,Engineer,2014-02-20,49391,3,No,2016-04-15,56
780,Employee_780,Female,HR,Manager,2013-08-24,83026,4,Yes,2017-08-20,51
781,Employee_781,Male,Marketing,Specialist,2017-03-08,73421,3,No,2019-01-21,40
782,Employee_782,Male,Marketing,Analyst,2022-11-13,74392,1,No,2022-11-13,24
783,Employee_783,Male,Engineering,Manager,2013-02-16,82642,5,Yes,2017-12-05,50
784,Employee_784,Female,HR,Specialist,2018-01-06,114058,2,Yes,2019-07-14,39
785,Employee_785,Male,Marketing,Analyst,2014-05-23,118744,1,No,2015-07-08,34
786,Employee_786,Male,Engineering,Analyst,2020-12-31,49391,4,No,2023-10-12,46
787,Employee_787,Female,Engineering,Engineer,2018-05-13,70381,4,Yes,2019-06-06,35
788,Employee_788,Female,Engineering,Executive,2019-12-19,85552,4,Yes,2023-04-18,59
789,Employee_789,Male,Engineering,Analyst,2011-12-07,98852,3,Yes,2013-09-26,59
790,Employee_790,Male,Finance,Engineer,2018-06-06,84331,2,No,2019-12-04,58
791,Employee_791,Male,Finance,Engineer,2013-01-26,102596,4,Yes,2015-03-10,41
792,Employee_792,Female,Sales,Manager,2016-10-25,30320,2,No,2020-08-01,41
793,Employee_793,Female,Finance,Executive,2020-08-07,94472,2,Yes,2022-04-18,29
794,Employee_794,Male,Marketing,Engineer,2016-03-20,106161,4,No,2019-12-24,38
795,Employee_795,Male,Engineering,Specialist,2020-09-04,105400,1,No,2020-09-04,32
796,Employee_796,Female,Finance,Executive,2011-04-25,76843,2,Yes,2013-02-17,39
797,Employee_797,Female,HR,Engineer,2018-02-06,68228,5,Yes,2021-06-14,54
798,Employee_798,Male,HR,Specialist,2014-05-07,51906,5,No,2018-11-13,42
799,Employee_799,Female,HR,Specialist,2016-10-02,106027,3,Yes,2019-04-10,22
800,Employee_800,Female,Engineering,Analyst,2013-01-26,84000,3,Yes,2016-12-22,28
801,Employee_801,Male,Sales,Specialist,2014-11-20,110403,5,Yes,2016-10-01,48
802,Employee_802,Male,Sales,Manager,2020-04-30,92851,3,No,2021-10-03,45
803,Employee_803,Female,Sales,Engineer,2013-02-12,33769,1,Yes,2016-08-05,30
804,Employee_804,Male,Engineering,Executive,2013-03-12,57504,2,Yes,2018-01-19,49
805,Employee_805,Male,Finance,Analyst,2012-07-04,35572,2,Yes,2013-12-10,24
806,Employee_806,Male,Finance,Manager,2021-07-08,63162,1,Yes,2021-07-08,41
807,Employee_807,Male,Marketing,Executive,2010-03-26,107018,2,Yes,2011-10-09,44
808,Employee_808,Male,Engineering,Specialist,2010-08-28,75591,3,Yes,2012-02-29,54
809,Employee_809,Male,HR,Specialist,2015-06-05,31832,5,Yes,2019-04-04,34
810,Employee_810,Male,HR,Executive,2016-04-27,96085,4,No,2018-04-13,59
811,Employee_811,Male,Sales,Engineer,2014-02-25,79756,4,Yes,2017-08-13,54
812,Employee_812,Male,Engineering,Manager,2015-02-08,91066,1,Yes,2018-05-22,53
813,Employee_813,Female,Marketing,Manager,2018-02-07,40780,3,No,2023-01-20,29
814,Employee_814,Female,Marketing,Engineer,2018-08-19,88190,2,No,2021-03-21,40
815,Employee_815,Male,Finance,Engineer,2019-08-07,53500,1,No,2021-08-27,28
816,Employee_816,Male,HR,Executive,2018-11-22,81748,4,Yes,2022-05-07,32
817,Employee_817,Male,Engineering,Executive,2011-06-15,107982,4,Yes,2014-06-28,36
818,Employee_818,Female,Marketing,Specialist,2019-07-12,65779,4,No,2023-04-29,52
819,Employee_819,Female,Sales,Analyst,2019-01-27,44160,1,No,2022-10-15,53
820,Employee_820,Male,HR,Manager,2021-02-25,36927,1,No,2023-06-12,23
821,Employee_821,Female,Sales,Engineer,2014-01-07,111522,5,Yes,2017-02-28,26
822,Employee_822,Female,Sales,Engineer,2021-08-30,116781,4,No,2021-08-30,54
823,Employee_823,Female,Marketing,Specialist,2015-11-14,32316,1,No,2019-11-28,29
824,Employee_824,Female,Finance,Analyst,2018-08-09,90248,1,Yes,2022-02-15,33
825,Employee_825,Female,Sales,Analyst,2022-06-27,86450,2,No,2022-06-27,46
826,Employee_826,Female,Marketing,Specialist,2020-12-07,105000,4,No,2022-07-19,57
827,Employee_827,Male,Finance,Engineer,2013-07-04,94840,5,No,2017-05-06,44
828,Employee_828,Male,HR,Specialist,2016-05-19,35913,2,No,2019-03-06,44
829,Employee_829,Female,Finance,Manager,2010-08-09,86118,3,No,2015-02-09,48
830,Employee_830,Male,Sales,Executive,2017-11-17,114945,3,Yes,2019-03-12,26
831,Employee_831,Female,Sales,Manager,2016-11-02,100571,3,Yes,2018-06-24,51
832,Employee_832,Female,Engineering,Manager,2019-06-23,91564,5,Yes,2023-08-29,42
833,Employee_833,Female,Engineering,Specialist,2018-06-22,42809,4,Yes,2022-09-02,35
834,Employee_834,Female,Sales,Specialist,2017-07-15,69258,3,No,2021-04-27,34
835,Employee_835,Male,Marketing,Executive,2021-02-23,67664,3,Yes,2021-02-23,41
836,Employee_836,Male,Marketing,Manager,2022-11-12,105784,1,No,2022-11-12,39
837,Employee_837,Female,Finance,Executive,2011-07-06,75523,1,No,2015-09-08,54
838,Employee_838,Female,Sales,Analyst,2016-09-22,82730,3,No,2020-02-25,57
839,Employee_839,Male,Marketing,Analyst,2014-01-19,57912,4,No,2015-02-26,56
840,Employee_840,Male,Marketing,Executive,2019-09-24,77746,4,Yes,2023-11-26,37
841,Employee_841,Female,Finance,Analyst,2013-05-17,71766,1,Yes,2018-03-20,48
842,Employee_842,Male,Engineering,Specialist,2015-12-27,60950,4,Yes,2018-08-05,29
843,Employee_843,Male,Sales,Engineer,2013-05-13,90838,4,No,2015-06-10,49
844,Employee_844,Male,Engineering,Executive,2010-10-31,33819,3,No,2012-12-17,57
845,Employee_845,Male,Finance,Manager,2013-12-12,37251,1,No,2018-07-23,60
846,Employee_846,Female,Engineering,Manager,2016-09-07,82021,2,Yes,2018-01-15,29
847,Employee_847,Male,Marketing,Specialist,2022-10-22,98846,3,No,2022-10-22,27
848,Employee_848,Male,Engineering,Engineer,2015-05-05,106588,4,Yes,2019-09-14,49
849,Employee_849,Male,Sales,Executive,2014-11-21,65985,4,No,2016-09-11,38
850,Employee_850,Female,HR,Engineer,2011-04-04,101531,4,No,2015-01-02,37
851,Employee_851,Female,Finance,Engineer,2016-03-25,70392,1,Yes,2018-01-15,25
852,Employee_852,Female,Engineering,Engineer,2015-05-18,119816,1,Yes,2017-10-17,50
853,Employee_853,Female,Engineering,Engineer,2018-09-18,41829,2,No,2019-10-04,35
854,Employee_854,Female,Finance,Manager,2013-08-05,65918,1,No,2017-01-19,52
855,Employee_855,Female,HR,Executive,2019-04-06,64205,5,Yes,2022-02-15,44
856,Employee_856,Female,Finance,Manager,2019-06-10,36828,2,No,2023-10-25,30
857,Employee_857,Male,Engineering,Engineer,2010-01-26,105472,1,Yes,2013-04-25,32
858,Employee_858,Male,Marketing,Analyst,2015-08-07,71864,4,No,2019-06-29,30
859,Employee_859,Female,Engineering,Executive,2015-11-06,41062,4,No,2017-10-26,33
860,Employee_860,Male,HR,Manager,2018-10-29,103207,5,Yes,2021-12-09,27
861,Employee_861,Female,Sales,Manager,2020-05-16,82564,5,No,2022-06-26,60
862,Employee_862,Male,Engineering,Executive,2015-11-02,104349,1,Yes,2017-09-02,55
863,Employee_863,Female,HR,Executive,2019-10-05,56626,2,No,2023-04-21,40
864,Employee_864,Male,Finance,Executive,2021-01-31,108654,2,No,2024-03-23,34
865,Employee_865,Female,Sales,Manager,2019-05-20,68036,3,Yes,2021-05-23,50
866,Employee_866,Female,HR,Manager,2015-07-28,91457,2,No,2018-08-23,47
867,Employee_867,Female,Finance,Specialist,2014-10-05,63584,1,Yes,2019-10-04,57
868,Employee_868,Female,Sales,Analyst,2011-04-27,76439,5,Yes,2012-08-10,22
869,Employee_869,Female,Engineering,Analyst,2015-09-09,117983,3,Yes,2019-07-08,57
870,Employee_870,Male,Engineering,Executive,2010-12-03,96027,4,No,2015-03-05,51
871,Employee_871,Female,Marketing,Analyst,2012-12-16,48585,3,Yes,2014-06-17,42
872,Employee_872,Female,Engineering,Engineer,2010-12-28,86372,3,No,2012-09-14,38
873,Employee_873,Female,Sales,Engineer,2021-08-06,94392,2,No,2024-05-08,25
874,Employee_874,Male,Sales,Executive,2014-03-28,34700,4,No,2016-01-26,32
875,Employee_875,Male,Finance,Manager,2020-06-23,87870,3,No,2023-12-03,51
876,Employee_876,Male,HR,Engineer,2021-01-21,42265,2,No,2022-09-08,33
877,Employee_877,Female,Marketing,Specialist,2013-10-10,57839,5,Yes,2017-08-16,55
878,Employee_878,Female,HR,Executive,2022-10-20,95288,1,No,2024-10-23,23
879,Employee_879,Male,Finance,Engineer,2016-05-17,107376,1,No,2021-03-12,31
880,Employee_880,Female,Finance,Analyst,2010-08-25,112359,3,Yes,2012-02-07,43
881,Employee_881,Female,Engineering,Specialist,2010-12-26,46950,2,Yes,2015-08-30,40
882,Employee_882,Male,Marketing,Specialist,2017-04-01,79989,1,No,2018-07-23,38
883,Employee_883,Female,HR,Manager,2013-12-29,57292,2,No,2016-05-03,47
884,Employee_884,Male,HR,Engineer,2016-05-23,94336,4,No,2021-01-07,60
885,Employee_885,Male,Engineering,Specialist,2012-12-11,56197,4,No,2015-12-16,46
886,Employee_886,Female,HR,Analyst,2020-09-07,78265,5,Yes,2023-03-10,49
887,Employee_887,Male,Marketing,Engineer,2019-07-22,90755,2,Yes,2021-01-27,53
888,Employee_888,Male,Engineering,Analyst,2021-10-29,87325,1,No,2021-10-29,41
889,Employee_889,Female,Sales,Specialist,2013-05-02,86063,3,Yes,2015-01-18,57
890,Employee_890,Male,Marketing,Analyst,2011-09-19,84135,1,No,2012-12-19,58
891,Employee_891,Female,Marketing,Manager,2015-09-07,95987,1,Yes,2018-09-03,51
892,Employee_892,Female,HR,Manager,2014-01-10,84558,3,No,2016-01-18,59
893,Employee_893,Female,Marketing,Engineer,2020-03-16,74739,2,Yes,2024-12-17,33
894,Employee_894,Female,HR,Analyst,2011-10-03,100041,1,Yes,2016-02-21,47
895,Employee_895,Male,Finance,Analyst,2012-08-13,83096,5,No,2013-09-09,41
896,Employee_896,Female,Engineering,Manager,2018-02-03,46395,2,Yes,2022-12-18,34
897,Employee_897,Male,HR,Executive,2012-07-05,93060,2,Yes,2013-08-06,49
898,Employee_898,Male,Engineering,Analyst,2022-01-30,49420,4,No,2024-02-24,23
899,Employee_899,Male,Finance,Analyst,2012-08-12,91799,1,No,2014-07-18,59
900,Employee_900,Female,Marketing,Analyst,2015-06-11,36674,3,Yes,2017-07-27,28
901,Employee_901,Female,Marketing,Specialist,2019-09-08,102653,3,Yes,2023-01-06,53
902,Employee_902,Female,Sales,Manager,2018-12-19,99246,1,No,2022-09-09,58
903,Employee_903,Male,Engineering,Analyst,2017-01-31,92041,1,No,2021-03-09,44
904,Employee_904,Female,HR,Executive,2020-01-21,67750,2,No,2024-12-18,44
905,Employee_905,Male,Marketing,Engineer,2019-10-30,108918,4,Yes,2022-02-16,40
906,Employee_906,Female,Finance,Executive,2018-10-03,111506,2,No,2022-02-02,27
907,Employee_907,Male,Sales,Executive,2020-10-30,109396,4,Yes,2022-07-21,48
908,Employee_908,Male,Sales,Specialist,2021-01-27,36166,1,No,2023-10-10,38
909,Employee_909,Male,Sales,Specialist,2018-01-03,34190,1,No,2022-10-20,49
910,Employee_910,Male,HR,Specialist,2012-07-22,59372,4,No,2017-01-06,43
911,Employee_911,Female,Sales,Specialist,2017-12-20,109205,1,Yes,2019-03-25,50
912,Employee_912,Male,Marketing,Specialist,2020-04-02,43352,5,Yes,2021-11-15,54
913,Employee_913,Male,Sales,Engineer,2012-05-13,50582,3,No,2014-04-20,54
914,Employee_914,Male,Engineering,Engineer,2021-03-06,48058,1,Yes,2022-09-25,50
915,Employee_915,Male,Finance,Engineer,2019-04-29,67585,5,Yes,2020-05-11,27
916,Employee_916,Female,Engineering,Executive,2015-12-20,49871,5,No,2019-01-20,36
917,Employee_917,Female,Finance,Analyst,2013-02-04,97653,3,Yes,2016-07-01,50
918,Employee_918,Male,HR,Engineer,2013-04-07,71262,4,Yes,2014-04-27,49
919,Employee_919,Male,Sales,Specialist,2011-05-19,37577,5,No,2014-08-01,48
920,Employee_920,Female,Engineering,Engineer,2019-01-07,31035,3,Yes,2023-11-01,47
921,Employee_921,Male,Marketing,Specialist,2020-01-04,111027,4,No,2024-08-13,47
922,Employee_922,Male,HR,Specialist,2014-06-05,73842,4,Yes,2017-02-11,55
923,Employee_923,Male,HR,Specialist,2022-02-17,102323,3,No,2024-09-20,32
924,Employee_924,Female,Sales,Engineer,2010-07-11,85410,5,Yes,2011-09-06,25
925,Employee_925,Female,HR,Manager,2018-05-14,115322,1,No,2020-10-26,41
926,Employee_926,Female,Engineering,Executive,2022-11-03,106230,5,Yes,2023-11-13,44
927,Employee_927,Male,Finance,Specialist,2016-09-17,62457,1,No,2019-04-22,55
928,Employee_928,Female,HR,Executive,2014-04-27,85796,4,Yes,2017-05-05,27
929,Employee_929,Male,Finance,Executive,2011-05-25,88479,1,No,2014-10-11,55
930,Employee_930,Female,Engineering,Specialist,2019-01-13,95382,4,No,2023-05-01,53
931,Employee_931,Male,Marketing,Executive,2019-05-09,93539,4,Yes,2021-04-06,54
932,Employee_932,Male,Finance,Analyst,2021-11-13,34273,2,No,2023-07-12,29
933,Employee_933,Male,Engineering,Specialist,2019-03-02,67957,1,Yes,2020-10-12,29
934,Employee_934,Female,Engineering,Engineer,2018-05-02,93691,1,Yes,2021-01-15,31
935,Employee_935,Female,Engineering,Executive,2019-06-18,53996,4,Yes,2020-09-24,29
936,Employee_936,Male,HR,Analyst,2022-04-13,93068,5,No,2025-03-27,58
937,Employee_937,Female,Finance,Specialist,2020-02-23,47407,2,No,2023-01-14,50
938,Employee_938,Female,HR,Specialist,2020-01-27,117097,5,No,2021-11-27,46
939,Employee_939,Female,Marketing,Manager,2015-03-23,117876,4,No,2018-06-09,27
940,Employee_940,Male,Marketing,Engineer,2013-09-18,103537,1,Yes,2018-09-05,34
941,Employee_941,Male,Marketing,Specialist,2022-02-25,54824,4,Yes,2022-02-25,29
942,Employee_942,Male,Engineering,Executive,2021-12-05,62150,5,No,2023-12-08,27
943,Employee_943,Female,Finance,Specialist,2021-12-19,35896,4,Yes,2021-12-19,43
944,Employee_944,Female,HR,Specialist,2019-10-21,71599,4,No,2021-10-24,27
945,Employee_945,Male,Engineering,Executive,2012-07-28,53942,3,Yes,2014-02-16,31
946,Employee_946,Male,HR,Specialist,2016-11-18,72636,2,Yes,2020-03-01,25
947,Employee_947,Male,Engineering,Executive,2016-09-07,84109,3,No,2019-11-14,46
948,Employee_948,Male,Sales,Specialist,2012-09-17,106812,2,No,2014-01-01,54
949,Employee_949,Male,Engineering,Manager,2021-04-25,71724,4,No,2024-06-21,26
950,Employee_950,Female,Sales,Manager,2020-11-10,65279,5,Yes,2022-01-08,37
951,Employee_951,Male,Engineering,Specialist,2022-06-11,83313,4,Yes,2022-06-11,54
952,Employee_952,Female,Marketing,Executive,2014-07-25,62133,5,No,2016-05-11,57
953,Employee_953,Male,Finance,Specialist,2020-02-18,67912,2,Yes,2021-05-13,25
954,Employee_954,Female,Finance,Engineer,2020-10-25,112864,2,No,2023-05-07,24
955,Employee_955,Male,Engineering,Manager,2013-08-15,81813,1,Yes,2017-08-12,57
956,Employee_956,Male,Marketing,Specialist,2016-04-08,71720,3,No,2019-09-09,50
957,Employee_957,Female,Engineering,Executive,2016-02-15,90266,5,No,2018-07-02,23
958,Employee_958,Male,Marketing,Analyst,2012-12-31,30560,1,Yes,2017-08-15,48
959,Employee_959,Female,Finance,Specialist,2022-06-20,40636,1,Yes,2022-06-20,50
960,Employee_960,Female,Marketing,Engineer,2012-10-08,80692,2,Yes,2015-09-30,29
961,Employee_961,Male,Finance,Manager,2020-05-18,59035,1,No,2023-06-15,44
962,Employee_962,Female,Sales,Executive,2014-04-18,94724,3,Yes,2015-10-19,39
963,Employee_963,Male,HR,Executive,2021-01-20,113681,4,Yes,2021-01-20,39
964,Employee_964,Female,Sales,Specialist,2022-10-07,55397,5,Yes,2022-10-07,26
965,Employee_965,Male,Engineering,Specialist,2012-11-16,59879,5,No,2014-03-29,34
966,Employee_966,Female,Marketing,Analyst,2010-07-09,30256,4,Yes,2015-05-28,42
967,Employee_967,Female,HR,Specialist,2019-09-14,91156,4,No,2022-12-25,55
968,Employee_968,Male,Engineering,Analyst,2010-12-23,99784,4,No,2013-03-26,22
969,Employee_969,Female,HR,Specialist,2018-10-16,33325,2,No,2020-11-17,26
970,Employee_970,Male,Engineering,Engineer,2015-08-10,38237,1,Yes,2017-09-16,52
971,Employee_971,Female,Engineering,Executive,2019-09-09,44134,4,Yes,2020-10-27,43
972,Employee_972,Male,HR,Specialist,2011-03-22,111207,4,Yes,2014-02-02,50
973,Employee_973,Male,HR,Manager,2022-12-26,79465,3,Yes,2024-09-06,30
974,Employee_974,Male,Engineering,Specialist,2011-05-23,112075,4,Yes,2014-11-13,28
975,Employee_975,Male,Engineering,Analyst,2011-04-03,82649,1,No,2015-05-22,36
976,Employee_976,Female,Finance,Analyst,2010-03-28,111292,5,Yes,2013-10-11,43
977,Employee_977,Female,Marketing,Executive,2010-08-01,44156,1,Yes,2014-02-15,60
978,Employee_978,Male,Marketing,Executive,2011-07-08,113540,5,No,2015-11-03,44
979,Employee_979,Female,Sales,Executive,2019-06-11,48045,1,Yes,2023-02-20,30
980,Employee_980,Female,Marketing,Engineer,2016-12-28,70788,5,Yes,2021-04-08,31
981,Employee_981,Female,Engineering,Engineer,2020-07-13,31059,5,Yes,2023-04-06,25
982,Employee_982,Male,Finance,Engineer,2015-04-29,55612,2,Yes,2019-03-02,26
983,Employee_983,Female,Finance,Specialist,2017-08-29,73403,5,No,2019-09-20,41
984,Employee_984,Male,HR,Analyst,2019-05-23,35530,4,Yes,2022-03-26,22
985,Employee_985,Male,Finance,Specialist,2015-01-02,57936,2,No,2019-11-21,43
986,Employee_986,Female,Sales,Manager,2018-06-07,77555,1,Yes,2020-07-31,44
987,Employee_987,Male,Sales,Engineer,2010-09-03,87725,2,No,2014-10-13,24
988,Employee_988,Male,Engineering,Executive,2010-09-01,58697,3,Yes,2012-10-12,43
989,Employee_989,Male,Sales,Manager,2022-06-09,53078,3,Yes,2024-10-24,23
990,Employee_990,Male,Engineering,Executive,2013-01-29,69986,4,Yes,2016-03-15,45
991,Employee_991,Male,Marketing,Specialist,2018-05-09,86848,1,Yes,2023-01-21,31
992,Employee_992,Male,Marketing,Analyst,2012-12-07,79054,3,No,2014-12-30,37
993,Employee_993,Male,Marketing,Engineer,2011-01-14,49472,3,Yes,2015-06-28,25
994,Employee_994,Female,Sales,Manager,2016-04-13,91691,5,Yes,2017-12-27,32
995,Employee_995,Female,Finance,Specialist,2021-05-29,90852,2,No,2024-07-31,45
996,Employee_996,Female,Finance,Analyst,2021-10-14,65171,5,No,2021-10-14,59
997,Employee_997,Male,Sales,Analyst,2010-10-27,60721,4,Yes,2012-12-24,41
998,Employee_998,Male,Engineering,Engineer,2019-07-14,102161,1,Yes,2022-08-24,27
999,Employee_999,Female,Sales,Specialist,2016-08-14,35392,4,No,2020-02-10,49
1000,Employee_1000,Female,Finance,Engineer,2020-02-13,95213,3,No,2023-09-27,46
